Issue # from Github,Issue URL,Issue title from Github,Name of org in Record ID,Record ID,Related ID,Name of org in Related ID,Relationship of Related ID to Record ID,Current location of Related ID
2885,https://github.com/ror-community/ror-updates/issues/2885,Modify the information in an existing ROR record: Atypon https://ror.org/03z1mhq06,Atypon,https://ror.org/03z1mhq06,https://ror.org/02xe89706,John Wiley & Sons (United States),Parent,Production
2885,https://github.com/ror-community/ror-updates/issues/2885,Modify the information in an existing ROR record: Atypon https://ror.org/03z1mhq06,John Wiley & Sons (United States),https://ror.org/02xe89706,https://ror.org/03z1mhq06,Atypon,Child,Release
2902,https://github.com/ror-community/ror-updates/issues/2902,Modify the information in an existing ROR record: International Institute of Tropical Agriculture,International Institute of Tropical Agriculture,https://ror.org/057sq8156,https://ror.org/00va88c89,International Institute of Tropical Agriculture,Successor,Production
2876,https://github.com/ror-community/ror-updates/issues/2876,Modify the information in an existing ROR record: Hamilton Psychiatric Hospital https://ror.org/01h8zk368 ,Hamilton Psychiatric Hospital,https://ror.org/01h8zk368,https://ror.org/009z39p97,St. Joseph’s Healthcare Hamilton,Successor,Production
2890,https://github.com/ror-community/ror-updates/issues/2890,"Modify the information in an existing ROR record: 
Centre de recherche en économie et management https://ror.org/0047rmf80
",Centre de recherche en économie et management,https://ror.org/0047rmf80,https://ror.org/00x9ewr78,National Council for Scientific Research,Parent,Production
2890,https://github.com/ror-community/ror-updates/issues/2890,"Modify the information in an existing ROR record: 
Centre de recherche en économie et management https://ror.org/0047rmf80
",National Council for Scientific Research,https://ror.org/00x9ewr78,https://ror.org/0047rmf80,Centre de recherche en économie et management,Child,Release
2903,https://github.com/ror-community/ror-updates/issues/2903,Modify the information in an existing ROR record: International Center for Tropical Agriculture - https://ror.org/045kz4b81,International Center for Tropical Agriculture,https://ror.org/045kz4b81,https://ror.org/02qk18s08,International Center for Tropical Agriculture,Successor,Production
2904,https://github.com/ror-community/ror-updates/issues/2904,Modify the information in an existing ROR record: Faculdades Integradas do Vale do Ivaí - https://ror.org/02qvmee20,Faculdades Integradas do Vale do Ivaí,https://ror.org/02qvmee20,https://ror.org/045w8cb33,Faculdades Integradas do Vale do Ivaí,Successor,Production
2905,https://github.com/ror-community/ror-updates/issues/2905,Modify the information in an existing ROR record: HES-SO Genève - https://ror.org/03drevg53,HES-SO Genève,https://ror.org/03drevg53,https://ror.org/007gfwn20,HES-SO Genève,Successor,Production
2906,https://github.com/ror-community/ror-updates/issues/2906,Modify the information in an existing ROR record: University Press of Mississippi - https://ror.org/04qfm3385,University Press of Mississippi,https://ror.org/04qfm3385,https://ror.org/02ykntn67,University Press of Mississippi,Successor,Production
2908,https://github.com/ror-community/ror-updates/issues/2908,Modify the information in an existing ROR record: Guangdong Association of STD and AIDS Prevention and Control - https://ror.org/00se3yr70,Guangdong Association of STD and AIDS Prevention and Control,https://ror.org/00se3yr70,https://ror.org/008y34898,Guangdong Association of STD and AIDS Prevention and Control,Successor,Production
2907,https://github.com/ror-community/ror-updates/issues/2907,Modify the information in an existing ROR record:  International Institute of Tropical Agriculture - https://ror.org/02q34ka72,International Institute of Tropical Agriculture,https://ror.org/02q34ka72,https://ror.org/0556kt608,International Institute of Tropical Agriculture,Successor,Production
2922,https://github.com/ror-community/ror-updates/issues/2922,"Modify the information in an existing ROR record: 
AAU - Ambiances, Architectures, Urbanités https://ror.org/05hz99a17
","AAU - Ambiances, Architectures, Urbanités",https://ror.org/05hz99a17,https://ror.org/04px4e658,Délégation Alpes,Parent,Release
2922,https://github.com/ror-community/ror-updates/issues/2922,"Modify the information in an existing ROR record: 
AAU - Ambiances, Architectures, Urbanités https://ror.org/05hz99a17
",Délégation Alpes,https://ror.org/04px4e658,https://ror.org/05hz99a17,"AAU - Ambiances, Architectures, Urbanités",Child,Release
2922,https://github.com/ror-community/ror-updates/issues/2922,"Modify the information in an existing ROR record: 
AAU - Ambiances, Architectures, Urbanités https://ror.org/05hz99a17
","AAU - Ambiances, Architectures, Urbanités",https://ror.org/05hz99a17,https://ror.org/01yxtfe92,École Nationale Supérieure d'Architecture de Grenoble,Related,Production
2922,https://github.com/ror-community/ror-updates/issues/2922,"Modify the information in an existing ROR record: 
AAU - Ambiances, Architectures, Urbanités https://ror.org/05hz99a17
",École Nationale Supérieure d'Architecture de Grenoble,https://ror.org/01yxtfe92,https://ror.org/05hz99a17,"AAU - Ambiances, Architectures, Urbanités",Related,Release
2922,https://github.com/ror-community/ror-updates/issues/2922,"Modify the information in an existing ROR record: 
AAU - Ambiances, Architectures, Urbanités https://ror.org/05hz99a17
","AAU - Ambiances, Architectures, Urbanités",https://ror.org/05hz99a17,https://ror.org/03gnr7b55,Nantes Université,Related,Production
2922,https://github.com/ror-community/ror-updates/issues/2922,"Modify the information in an existing ROR record: 
AAU - Ambiances, Architectures, Urbanités https://ror.org/05hz99a17
",Nantes Université,https://ror.org/03gnr7b55,https://ror.org/05hz99a17,"AAU - Ambiances, Architectures, Urbanités",Related,Release
2922,https://github.com/ror-community/ror-updates/issues/2922,"Modify the information in an existing ROR record: 
AAU - Ambiances, Architectures, Urbanités https://ror.org/05hz99a17
","AAU - Ambiances, Architectures, Urbanités",https://ror.org/05hz99a17,https://ror.org/00x9ewr78,National Council for Scientific Research,Related,Production
2922,https://github.com/ror-community/ror-updates/issues/2922,"Modify the information in an existing ROR record: 
AAU - Ambiances, Architectures, Urbanités https://ror.org/05hz99a17
",National Council for Scientific Research,https://ror.org/00x9ewr78,https://ror.org/05hz99a17,"AAU - Ambiances, Architectures, Urbanités",Related,Release
2923,https://github.com/ror-community/ror-updates/issues/2923,Modify the information in an existing ROR record: Institute of Genetics and Development of Rennes - https://ror.org/036xhtv26,Institute of Genetics and Development of Rennes,https://ror.org/036xhtv26,https://ror.org/02feahw73,French National Centre for Scientific Research,Parent,Production
2923,https://github.com/ror-community/ror-updates/issues/2923,Modify the information in an existing ROR record: Institute of Genetics and Development of Rennes - https://ror.org/036xhtv26,French National Centre for Scientific Research,https://ror.org/02feahw73,https://ror.org/036xhtv26,Institute of Genetics and Development of Rennes,Child,Release
2924,https://github.com/ror-community/ror-updates/issues/2924,"Modify the information in an existing ROR record: 
IRSET https://ror.org/01p178v10
",IRSET,https://ror.org/01p178v10,https://ror.org/04yrqp957,University of Angers,Parent,Production
2924,https://github.com/ror-community/ror-updates/issues/2924,"Modify the information in an existing ROR record: 
IRSET https://ror.org/01p178v10
",University of Angers,https://ror.org/04yrqp957,https://ror.org/01p178v10,IRSET,Child,Release
2984,https://github.com/ror-community/ror-updates/issues/2984,Modify the information in an existing ROR record: Mount Revelstoke National Park - https://ror.org/00tprt448,Mount Revelstoke National Park,https://ror.org/00tprt448,https://ror.org/008sy4716,Parks Canada,Parent,Production
2984,https://github.com/ror-community/ror-updates/issues/2984,Modify the information in an existing ROR record: Mount Revelstoke National Park - https://ror.org/00tprt448,Parks Canada,https://ror.org/008sy4716,https://ror.org/00tprt448,Mount Revelstoke National Park,Child,Release
2987,https://github.com/ror-community/ror-updates/issues/2987,"Modify the information in an existing ROR record: 
Wyoming Medical Center https://ror.org/01phkkj35
",Wyoming Medical Center,https://ror.org/01phkkj35,https://ror.org/039wwwz66,Banner Health,Parent,Production
2987,https://github.com/ror-community/ror-updates/issues/2987,"Modify the information in an existing ROR record: 
Wyoming Medical Center https://ror.org/01phkkj35
",Banner Health,https://ror.org/039wwwz66,https://ror.org/01phkkj35,Wyoming Medical Center,Child,Release
2988,https://github.com/ror-community/ror-updates/issues/2988,"Modify the information in an existing ROR record: 
The Orthopedic Clinic Association https://ror.org/05e33tw76
",The Orthopedic Clinic Association,https://ror.org/05e33tw76,https://ror.org/039wwwz66,Banner Health,Parent,Production
2988,https://github.com/ror-community/ror-updates/issues/2988,"Modify the information in an existing ROR record: 
The Orthopedic Clinic Association https://ror.org/05e33tw76
",Banner Health,https://ror.org/039wwwz66,https://ror.org/05e33tw76,The Orthopedic Clinic Association,Child,Release
2826,https://github.com/ror-community/ror-updates/issues/2826,"Modify the information in an existing ROR record: 
École Nationale Supérieure de Chimie de Lille https://ror.org/041yg4h55 
",École Nationale Supérieure de Chimie de Lille,https://ror.org/041yg4h55,https://ror.org/01x441g73,École Centrale de Lille,Parent,Release
2826,https://github.com/ror-community/ror-updates/issues/2826,"Modify the information in an existing ROR record: 
École Nationale Supérieure de Chimie de Lille https://ror.org/041yg4h55 
",École Centrale de Lille,https://ror.org/01x441g73,https://ror.org/041yg4h55,École Nationale Supérieure de Chimie de Lille,Child,Release
3046,https://github.com/ror-community/ror-updates/issues/3046,Modify the information in an existing ROR record: University of Lille Nord de France - https://ror.org/03btvgn05,University of Lille Nord de France,https://ror.org/03btvgn05,https://ror.org/02kzqn938,University of Lille,Successor,Production
3056,https://github.com/ror-community/ror-updates/issues/3056,"Modify the information in an existing ROR record: 
Geosciences Rennes https://ror.org/00vn0zc62
",Geosciences Rennes,https://ror.org/00vn0zc62,https://ror.org/02feahw73,French National Centre for Scientific Research,Parent,Production
3056,https://github.com/ror-community/ror-updates/issues/3056,"Modify the information in an existing ROR record: 
Geosciences Rennes https://ror.org/00vn0zc62
",French National Centre for Scientific Research,https://ror.org/02feahw73,https://ror.org/00vn0zc62,Geosciences Rennes,Child,Release
3058,https://github.com/ror-community/ror-updates/issues/3058,"Modify the information in an existing ROR record: 
Ecosystèmes, Biodiversité, Evolution https://ror.org/005fjj927
","Ecosystèmes, Biodiversité, Evolution",https://ror.org/005fjj927,https://ror.org/02feahw73,French National Centre for Scientific Research,Parent,Production
3058,https://github.com/ror-community/ror-updates/issues/3058,"Modify the information in an existing ROR record: 
Ecosystèmes, Biodiversité, Evolution https://ror.org/005fjj927
",French National Centre for Scientific Research,https://ror.org/02feahw73,https://ror.org/005fjj927,"Ecosystèmes, Biodiversité, Evolution",Child,Release
3069,https://github.com/ror-community/ror-updates/issues/3069,"Modify the information in an existing ROR record: 
Centro de Investigación y Tecnología Agroalimentaria de Aragón https://ror.org/033gfj842
",Centro de Investigación y Tecnología Agroalimentaria de Aragón,https://ror.org/033gfj842,https://ror.org/0425pg203,Gobierno de Aragón,Parent,Production
3069,https://github.com/ror-community/ror-updates/issues/3069,"Modify the information in an existing ROR record: 
Centro de Investigación y Tecnología Agroalimentaria de Aragón https://ror.org/033gfj842
",Gobierno de Aragón,https://ror.org/0425pg203,https://ror.org/033gfj842,Centro de Investigación y Tecnología Agroalimentaria de Aragón,Child,Release
3071,https://github.com/ror-community/ror-updates/issues/3071,"Modify the information in an existing ROR record: 
Oncogenesis stress, signaling https://ror.org/00bf6bf92
","Oncogenesis stress, signaling",https://ror.org/00bf6bf92,https://ror.org/015m7wh34,University of Rennes,Parent,Production
3071,https://github.com/ror-community/ror-updates/issues/3071,"Modify the information in an existing ROR record: 
Oncogenesis stress, signaling https://ror.org/00bf6bf92
",University of Rennes,https://ror.org/015m7wh34,https://ror.org/00bf6bf92,"Oncogenesis stress, signaling",Child,Release
3075,https://github.com/ror-community/ror-updates/issues/3075,"Modify the information in an existing ROR record: 
Movement, Sport and health Sciences Laboratory https://ror.org/05b3p7p58
","Movement, Sport and health Sciences Laboratory",https://ror.org/05b3p7p58,https://ror.org/015m7wh34,University of Rennes,Parent,Production
3075,https://github.com/ror-community/ror-updates/issues/3075,"Modify the information in an existing ROR record: 
Movement, Sport and health Sciences Laboratory https://ror.org/05b3p7p58
",University of Rennes,https://ror.org/015m7wh34,https://ror.org/05b3p7p58,"Movement, Sport and health Sciences Laboratory",Child,Release
3075,https://github.com/ror-community/ror-updates/issues/3075,"Modify the information in an existing ROR record: 
Movement, Sport and health Sciences Laboratory https://ror.org/05b3p7p58
","Movement, Sport and health Sciences Laboratory",https://ror.org/05b3p7p58,https://ror.org/03rxtdc22,École Normale Supérieure de Rennes,Parent,Production
3075,https://github.com/ror-community/ror-updates/issues/3075,"Modify the information in an existing ROR record: 
Movement, Sport and health Sciences Laboratory https://ror.org/05b3p7p58
",École Normale Supérieure de Rennes,https://ror.org/03rxtdc22,https://ror.org/05b3p7p58,"Movement, Sport and health Sciences Laboratory",Child,Release
3076,https://github.com/ror-community/ror-updates/issues/3076,"Modify the information in an existing ROR record: 
Laboratoire Traitement du Signal et de l'Image https://ror.org/01f1amm71
",Laboratoire Traitement du Signal et de l'Image,https://ror.org/01f1amm71,https://ror.org/02vjkv261,Inserm,Parent,Production
3076,https://github.com/ror-community/ror-updates/issues/3076,"Modify the information in an existing ROR record: 
Laboratoire Traitement du Signal et de l'Image https://ror.org/01f1amm71
",Inserm,https://ror.org/02vjkv261,https://ror.org/01f1amm71,Laboratoire Traitement du Signal et de l'Image,Child,Release
3076,https://github.com/ror-community/ror-updates/issues/3076,"Modify the information in an existing ROR record: 
Laboratoire Traitement du Signal et de l'Image https://ror.org/01f1amm71
",Laboratoire Traitement du Signal et de l'Image,https://ror.org/01f1amm71,https://ror.org/02feahw73,French National Centre for Scientific Research,Parent,Production
3076,https://github.com/ror-community/ror-updates/issues/3076,"Modify the information in an existing ROR record: 
Laboratoire Traitement du Signal et de l'Image https://ror.org/01f1amm71
",French National Centre for Scientific Research,https://ror.org/02feahw73,https://ror.org/01f1amm71,Laboratoire Traitement du Signal et de l'Image,Child,Release
3081,https://github.com/ror-community/ror-updates/issues/3081,"Modify the information in an existing ROR record: 
Los Molinos Observatory https://ror.org/05eghha10
",Los Molinos Observatory,https://ror.org/05eghha10,https://ror.org/00ysy1705,Ministerio de Educación y Cultura,Parent,Release
3081,https://github.com/ror-community/ror-updates/issues/3081,"Modify the information in an existing ROR record: 
Los Molinos Observatory https://ror.org/05eghha10
",Ministerio de Educación y Cultura,https://ror.org/00ysy1705,https://ror.org/05eghha10,Los Molinos Observatory,Child,Release
3102,https://github.com/ror-community/ror-updates/issues/3102,"Modify the information in an existing ROR record: 
Institut d’Hématologie et d’Oncologie Pédiatrique https://ror.org/0075rng13
",Institut d’Hématologie et d’Oncologie Pédiatrique,https://ror.org/0075rng13,https://ror.org/01502ca60,Hospices Civils de Lyon,Parent,Production
3102,https://github.com/ror-community/ror-updates/issues/3102,"Modify the information in an existing ROR record: 
Institut d’Hématologie et d’Oncologie Pédiatrique https://ror.org/0075rng13
",Hospices Civils de Lyon,https://ror.org/01502ca60,https://ror.org/0075rng13,Institut d’Hématologie et d’Oncologie Pédiatrique,Child,Release
3095,https://github.com/ror-community/ror-updates/issues/3095,"Modify the information in an existing ROR record: 
Mathematics Research Institute of Rennes https://ror.org/05y76vp22
",Mathematics Research Institute of Rennes,https://ror.org/05y76vp22,https://ror.org/03rxtdc22,École Normale Supérieure de Rennes,Parent,Production
3095,https://github.com/ror-community/ror-updates/issues/3095,"Modify the information in an existing ROR record: 
Mathematics Research Institute of Rennes https://ror.org/05y76vp22
",École Normale Supérieure de Rennes,https://ror.org/03rxtdc22,https://ror.org/05y76vp22,Mathematics Research Institute of Rennes,Child,Release
3095,https://github.com/ror-community/ror-updates/issues/3095,"Modify the information in an existing ROR record: 
Mathematics Research Institute of Rennes https://ror.org/05y76vp22
",Mathematics Research Institute of Rennes,https://ror.org/05y76vp22,https://ror.org/02feahw73,French National Centre for Scientific Research,Parent,Production
3095,https://github.com/ror-community/ror-updates/issues/3095,"Modify the information in an existing ROR record: 
Mathematics Research Institute of Rennes https://ror.org/05y76vp22
",French National Centre for Scientific Research,https://ror.org/02feahw73,https://ror.org/05y76vp22,Mathematics Research Institute of Rennes,Child,Release
3094,https://github.com/ror-community/ror-updates/issues/3094,"Modify the information in an existing ROR record: 
Fonctions Optiques pour les Technologies de l’information https://ror.org/03yn94905
",Fonctions Optiques pour les Technologies de l’information,https://ror.org/03yn94905,https://ror.org/02feahw73,French National Centre for Scientific Research,Parent,Production
3094,https://github.com/ror-community/ror-updates/issues/3094,"Modify the information in an existing ROR record: 
Fonctions Optiques pour les Technologies de l’information https://ror.org/03yn94905
",French National Centre for Scientific Research,https://ror.org/02feahw73,https://ror.org/03yn94905,Fonctions Optiques pour les Technologies de l’information,Child,Release
2864,https://github.com/ror-community/ror-updates/issues/2864,"Add a new organization to ROR: 
 
Laboratoire Paragraphe",Laboratoire Paragraphe,https://ror.org/00mgd1d10,https://ror.org/04wez5e68,Paris 8 University,Parent,Production
2864,https://github.com/ror-community/ror-updates/issues/2864,"Add a new organization to ROR: 
 
Laboratoire Paragraphe",Paris 8 University,https://ror.org/04wez5e68,https://ror.org/00mgd1d10,Laboratoire Paragraphe,Child,Release
2864,https://github.com/ror-community/ror-updates/issues/2864,"Add a new organization to ROR: 
 
Laboratoire Paragraphe",Laboratoire Paragraphe,https://ror.org/00mgd1d10,https://ror.org/043htjv09,CY Cergy Paris University,Parent,Production
2864,https://github.com/ror-community/ror-updates/issues/2864,"Add a new organization to ROR: 
 
Laboratoire Paragraphe",CY Cergy Paris University,https://ror.org/043htjv09,https://ror.org/00mgd1d10,Laboratoire Paragraphe,Child,Release
2871,https://github.com/ror-community/ror-updates/issues/2871,Add a new organization to ROR: University College Prague,University College Prague,https://ror.org/05p21h471,https://ror.org/01q2qvt95,Institute of Hospitality Management in Prague,Predecessor,Release
2871,https://github.com/ror-community/ror-updates/issues/2871,Add a new organization to ROR: University College Prague,Institute of Hospitality Management in Prague,https://ror.org/01q2qvt95,https://ror.org/05p21h471,University College Prague,Successor,Release
2871,https://github.com/ror-community/ror-updates/issues/2871,Add a new organization to ROR: University College Prague,University College Prague,https://ror.org/05p21h471,https://ror.org/05jgjfc59,University of International and Public Relations Prague,Predecessor,Release
2871,https://github.com/ror-community/ror-updates/issues/2871,Add a new organization to ROR: University College Prague,University of International and Public Relations Prague,https://ror.org/05jgjfc59,https://ror.org/05p21h471,University College Prague,Successor,Release
2822,https://github.com/ror-community/ror-updates/issues/2822,"Add a new organization to ROR: 
 
NIHR BioResource",NIHR BioResource,https://ror.org/04dmgak75,https://ror.org/0187kwz08,National Institute for Health Research,Parent,Production
2822,https://github.com/ror-community/ror-updates/issues/2822,"Add a new organization to ROR: 
 
NIHR BioResource",National Institute for Health Research,https://ror.org/0187kwz08,https://ror.org/04dmgak75,NIHR BioResource,Child,Release
2881,https://github.com/ror-community/ror-updates/issues/2881,"Add a new organization to ROR: 
 
University Hospitals Dorset NHS Foundation Trust",University Hospitals Dorset NHS Foundation Trust,https://ror.org/02pa0cy79,https://ror.org/03kdm3q80,Poole Hospital NHS Foundation Trust,Predecessor,Release
2881,https://github.com/ror-community/ror-updates/issues/2881,"Add a new organization to ROR: 
 
University Hospitals Dorset NHS Foundation Trust",Poole Hospital NHS Foundation Trust,https://ror.org/03kdm3q80,https://ror.org/02pa0cy79,University Hospitals Dorset NHS Foundation Trust,Successor,Release
2881,https://github.com/ror-community/ror-updates/issues/2881,"Add a new organization to ROR: 
 
University Hospitals Dorset NHS Foundation Trust",University Hospitals Dorset NHS Foundation Trust,https://ror.org/02pa0cy79,https://ror.org/03xqffv86,Royal Bournemouth and Christchurch Hospitals NHS Foundation Trust,Predecessor,Release
2881,https://github.com/ror-community/ror-updates/issues/2881,"Add a new organization to ROR: 
 
University Hospitals Dorset NHS Foundation Trust",Royal Bournemouth and Christchurch Hospitals NHS Foundation Trust,https://ror.org/03xqffv86,https://ror.org/02pa0cy79,University Hospitals Dorset NHS Foundation Trust,Successor,Release
2881,https://github.com/ror-community/ror-updates/issues/2881,"Add a new organization to ROR: 
 
University Hospitals Dorset NHS Foundation Trust",University Hospitals Dorset NHS Foundation Trust,https://ror.org/02pa0cy79,https://ror.org/00ph04139,Poole Hospital,Child,Release
2881,https://github.com/ror-community/ror-updates/issues/2881,"Add a new organization to ROR: 
 
University Hospitals Dorset NHS Foundation Trust",Poole Hospital,https://ror.org/00ph04139,https://ror.org/02pa0cy79,University Hospitals Dorset NHS Foundation Trust,Parent,Release
2881,https://github.com/ror-community/ror-updates/issues/2881,"Add a new organization to ROR: 
 
University Hospitals Dorset NHS Foundation Trust",University Hospitals Dorset NHS Foundation Trust,https://ror.org/02pa0cy79,https://ror.org/04j69fe92,Boscombe Community Hospital,Child,Production
2881,https://github.com/ror-community/ror-updates/issues/2881,"Add a new organization to ROR: 
 
University Hospitals Dorset NHS Foundation Trust",Boscombe Community Hospital,https://ror.org/04j69fe92,https://ror.org/02pa0cy79,University Hospitals Dorset NHS Foundation Trust,Parent,Release
2881,https://github.com/ror-community/ror-updates/issues/2881,"Add a new organization to ROR: 
 
University Hospitals Dorset NHS Foundation Trust",University Hospitals Dorset NHS Foundation Trust,https://ror.org/02pa0cy79,https://ror.org/01v14jr37,Royal Bournemouth Hospital,Child,Production
2881,https://github.com/ror-community/ror-updates/issues/2881,"Add a new organization to ROR: 
 
University Hospitals Dorset NHS Foundation Trust",Royal Bournemouth Hospital,https://ror.org/01v14jr37,https://ror.org/02pa0cy79,University Hospitals Dorset NHS Foundation Trust,Parent,Release
2879,https://github.com/ror-community/ror-updates/issues/2879,"Add a new organization to ROR: 
 
Laboratoire parisien de psychologie sociale",Laboratoire Parisien de Psychologie Sociale,https://ror.org/05xrx2377,https://ror.org/013bkhk48,Université Paris Nanterre,Parent,Production
2879,https://github.com/ror-community/ror-updates/issues/2879,"Add a new organization to ROR: 
 
Laboratoire parisien de psychologie sociale",Université Paris Nanterre,https://ror.org/013bkhk48,https://ror.org/05xrx2377,Laboratoire Parisien de Psychologie Sociale,Child,Release
2879,https://github.com/ror-community/ror-updates/issues/2879,"Add a new organization to ROR: 
 
Laboratoire parisien de psychologie sociale",Laboratoire Parisien de Psychologie Sociale,https://ror.org/05xrx2377,https://ror.org/04wez5e68,Paris 8 University,Parent,Production
2879,https://github.com/ror-community/ror-updates/issues/2879,"Add a new organization to ROR: 
 
Laboratoire parisien de psychologie sociale",Paris 8 University,https://ror.org/04wez5e68,https://ror.org/05xrx2377,Laboratoire Parisien de Psychologie Sociale,Child,Release
2897,https://github.com/ror-community/ror-updates/issues/2897,Add a new organization to ROR: University of Koblenz,Universität Koblenz,https://ror.org/0433e6t24,https://ror.org/01j9f6752,University of Koblenz and Landau,Predecessor,Production
2897,https://github.com/ror-community/ror-updates/issues/2897,Add a new organization to ROR: University of Koblenz,University of Koblenz and Landau,https://ror.org/01j9f6752,https://ror.org/0433e6t24,Universität Koblenz,Successor,Release
2898,https://github.com/ror-community/ror-updates/issues/2898,Add a new organization to ROR: Rheinland-Pfälzische Technische Universität Kaiserslautern-Landau,Rheinland-Pfälzische Technische Universität Kaiserslautern-Landau,https://ror.org/01qrts582,https://ror.org/01j9f6752,University of Koblenz and Landau,Predecessor,Production
2898,https://github.com/ror-community/ror-updates/issues/2898,Add a new organization to ROR: Rheinland-Pfälzische Technische Universität Kaiserslautern-Landau,University of Koblenz and Landau,https://ror.org/01j9f6752,https://ror.org/01qrts582,Rheinland-Pfälzische Technische Universität Kaiserslautern-Landau,Successor,Release
2898,https://github.com/ror-community/ror-updates/issues/2898,Add a new organization to ROR: Rheinland-Pfälzische Technische Universität Kaiserslautern-Landau,Rheinland-Pfälzische Technische Universität Kaiserslautern-Landau,https://ror.org/01qrts582,https://ror.org/04zrf7b53,University of Kaiserslautern,Predecessor,Release
2898,https://github.com/ror-community/ror-updates/issues/2898,Add a new organization to ROR: Rheinland-Pfälzische Technische Universität Kaiserslautern-Landau,University of Kaiserslautern,https://ror.org/04zrf7b53,https://ror.org/01qrts582,Rheinland-Pfälzische Technische Universität Kaiserslautern-Landau,Successor,Release
2888,https://github.com/ror-community/ror-updates/issues/2888,"Add a new organization to ROR: 
 
Ethologie animale et humaine",Ethologie animale et humaine,https://ror.org/02evk6c51,https://ror.org/015m7wh34,University of Rennes,Parent,Production
2888,https://github.com/ror-community/ror-updates/issues/2888,"Add a new organization to ROR: 
 
Ethologie animale et humaine",University of Rennes,https://ror.org/015m7wh34,https://ror.org/02evk6c51,Ethologie animale et humaine,Child,Release
2888,https://github.com/ror-community/ror-updates/issues/2888,"Add a new organization to ROR: 
 
Ethologie animale et humaine",Ethologie animale et humaine,https://ror.org/02evk6c51,https://ror.org/02feahw73,French National Centre for Scientific Research,Parent,Production
2888,https://github.com/ror-community/ror-updates/issues/2888,"Add a new organization to ROR: 
 
Ethologie animale et humaine",French National Centre for Scientific Research,https://ror.org/02feahw73,https://ror.org/02evk6c51,Ethologie animale et humaine,Child,Release
2888,https://github.com/ror-community/ror-updates/issues/2888,"Add a new organization to ROR: 
 
Ethologie animale et humaine",Ethologie animale et humaine,https://ror.org/02evk6c51,https://ror.org/051kpcy16,Université de Caen Normandie,Parent,Production
2888,https://github.com/ror-community/ror-updates/issues/2888,"Add a new organization to ROR: 
 
Ethologie animale et humaine",Université de Caen Normandie,https://ror.org/051kpcy16,https://ror.org/02evk6c51,Ethologie animale et humaine,Child,Release
2889,https://github.com/ror-community/ror-updates/issues/2889,"Add a new organization to ROR: 
 
Laboratoire de sociologie, philosophie et anthropologie politiques","Laboratoire de sociologie, philosophie et anthropologie politiques",https://ror.org/03vd0cp84,https://ror.org/013bkhk48,Université Paris Nanterre,Parent,Production
2889,https://github.com/ror-community/ror-updates/issues/2889,"Add a new organization to ROR: 
 
Laboratoire de sociologie, philosophie et anthropologie politiques",Université Paris Nanterre,https://ror.org/013bkhk48,https://ror.org/03vd0cp84,"Laboratoire de sociologie, philosophie et anthropologie politiques",Child,Release
2891,https://github.com/ror-community/ror-updates/issues/2891,"Add a new organization to ROR: 
 
Histoire des arts et des représentations",Histoire des arts et des représentations,https://ror.org/02bezch69,https://ror.org/013bkhk48,Université Paris Nanterre,Parent,Production
2891,https://github.com/ror-community/ror-updates/issues/2891,"Add a new organization to ROR: 
 
Histoire des arts et des représentations",Université Paris Nanterre,https://ror.org/013bkhk48,https://ror.org/02bezch69,Histoire des arts et des représentations,Child,Release
2892,https://github.com/ror-community/ror-updates/issues/2892,"Add a new organization to ROR: 
 
Institut de recherche Juridique sur l'entreprise et les relations professionnelles",Institut de recherche Juridique sur l'entreprise et les relations professionnelles,https://ror.org/0570kre10,https://ror.org/013bkhk48,Université Paris Nanterre,Parent,Production
2892,https://github.com/ror-community/ror-updates/issues/2892,"Add a new organization to ROR: 
 
Institut de recherche Juridique sur l'entreprise et les relations professionnelles",Université Paris Nanterre,https://ror.org/013bkhk48,https://ror.org/0570kre10,Institut de recherche Juridique sur l'entreprise et les relations professionnelles,Child,Release
2893,https://github.com/ror-community/ror-updates/issues/2893,"Add a new organization to ROR: 
 
Centre de recherches et d’études sur les droits fondamentaux",Centre de recherches et d’études sur les droits fondamentaux,https://ror.org/059z28h12,https://ror.org/04bg5j190,Centre de Théorie et Analyse du Droit,Parent,Production
2893,https://github.com/ror-community/ror-updates/issues/2893,"Add a new organization to ROR: 
 
Centre de recherches et d’études sur les droits fondamentaux",Centre de Théorie et Analyse du Droit,https://ror.org/04bg5j190,https://ror.org/059z28h12,Centre de recherches et d’études sur les droits fondamentaux,Child,Release
2895,https://github.com/ror-community/ror-updates/issues/2895,"Add a new organization to ROR: 
 
Laboratoire sur les interactions cognition, action, émotion","Laboratoire sur les interactions cognition, action, émotion",https://ror.org/0540s3083,https://ror.org/013bkhk48,Université Paris Nanterre,Parent,Production
2895,https://github.com/ror-community/ror-updates/issues/2895,"Add a new organization to ROR: 
 
Laboratoire sur les interactions cognition, action, émotion",Université Paris Nanterre,https://ror.org/013bkhk48,https://ror.org/0540s3083,"Laboratoire sur les interactions cognition, action, émotion",Child,Release
2915,https://github.com/ror-community/ror-updates/issues/2915,"Add a new organization to ROR: 
 
Innovation Academy for Microsatellites of Chinese Academy of Sciences",Innovation Academy for Microsatellites of Chinese Academy of Sciences,https://ror.org/05f6mer85,https://ror.org/034t30j35,Chinese Academy of Sciences,Parent,Production
2915,https://github.com/ror-community/ror-updates/issues/2915,"Add a new organization to ROR: 
 
Innovation Academy for Microsatellites of Chinese Academy of Sciences",Chinese Academy of Sciences,https://ror.org/034t30j35,https://ror.org/05f6mer85,Innovation Academy for Microsatellites of Chinese Academy of Sciences,Child,Release
2925,https://github.com/ror-community/ror-updates/issues/2925,"Add a new organization to ROR: 
 
Bacterial Regulatory RNAs & Medicine",Bacterial Regulatory RNAs & Medicine,https://ror.org/031y0x195,https://ror.org/02vjkv261,Inserm,Parent,Production
2925,https://github.com/ror-community/ror-updates/issues/2925,"Add a new organization to ROR: 
 
Bacterial Regulatory RNAs & Medicine",Inserm,https://ror.org/02vjkv261,https://ror.org/031y0x195,Bacterial Regulatory RNAs & Medicine,Child,Release
2925,https://github.com/ror-community/ror-updates/issues/2925,"Add a new organization to ROR: 
 
Bacterial Regulatory RNAs & Medicine",Bacterial Regulatory RNAs & Medicine,https://ror.org/031y0x195,https://ror.org/015m7wh34,University of Rennes,Parent,Production
2925,https://github.com/ror-community/ror-updates/issues/2925,"Add a new organization to ROR: 
 
Bacterial Regulatory RNAs & Medicine",University of Rennes,https://ror.org/015m7wh34,https://ror.org/031y0x195,Bacterial Regulatory RNAs & Medicine,Child,Release
2927,https://github.com/ror-community/ror-updates/issues/2927,"Add a new organization to ROR: 
 
Microenvironment and B-cells : Immunopathology, Cell, Differentiation and Cancer","Microenvironment and B-cells: Immunopathology, Cell, Differentiation and Cancer",https://ror.org/05p7fmf80,https://ror.org/015m7wh34,University of Rennes,Parent,Production
2927,https://github.com/ror-community/ror-updates/issues/2927,"Add a new organization to ROR: 
 
Microenvironment and B-cells : Immunopathology, Cell, Differentiation and Cancer",University of Rennes,https://ror.org/015m7wh34,https://ror.org/05p7fmf80,"Microenvironment and B-cells: Immunopathology, Cell, Differentiation and Cancer",Child,Release
2927,https://github.com/ror-community/ror-updates/issues/2927,"Add a new organization to ROR: 
 
Microenvironment and B-cells : Immunopathology, Cell, Differentiation and Cancer","Microenvironment and B-cells: Immunopathology, Cell, Differentiation and Cancer",https://ror.org/05p7fmf80,https://ror.org/02vjkv261,Inserm,Parent,Production
2927,https://github.com/ror-community/ror-updates/issues/2927,"Add a new organization to ROR: 
 
Microenvironment and B-cells : Immunopathology, Cell, Differentiation and Cancer",Inserm,https://ror.org/02vjkv261,https://ror.org/05p7fmf80,"Microenvironment and B-cells: Immunopathology, Cell, Differentiation and Cancer",Child,Release
2927,https://github.com/ror-community/ror-updates/issues/2927,"Add a new organization to ROR: 
 
Microenvironment and B-cells : Immunopathology, Cell, Differentiation and Cancer","Microenvironment and B-cells: Immunopathology, Cell, Differentiation and Cancer",https://ror.org/05p7fmf80,https://ror.org/037hby126,Établissement Français du Sang,Parent,Production
2927,https://github.com/ror-community/ror-updates/issues/2927,"Add a new organization to ROR: 
 
Microenvironment and B-cells : Immunopathology, Cell, Differentiation and Cancer",Établissement Français du Sang,https://ror.org/037hby126,https://ror.org/05p7fmf80,"Microenvironment and B-cells: Immunopathology, Cell, Differentiation and Cancer",Child,Release
2929,https://github.com/ror-community/ror-updates/issues/2929,"Add a new organization to ROR: 
 
Institut de recherches philosophiques",Institut de recherches philosophiques,https://ror.org/00e4fz088,https://ror.org/013bkhk48,Université Paris Nanterre,Parent,Production
2929,https://github.com/ror-community/ror-updates/issues/2929,"Add a new organization to ROR: 
 
Institut de recherches philosophiques",Université Paris Nanterre,https://ror.org/013bkhk48,https://ror.org/00e4fz088,Institut de recherches philosophiques,Child,Release
2933,https://github.com/ror-community/ror-updates/issues/2933,Add a new organization to ROR - Jasper National Park,Jasper National Park,https://ror.org/00k0g5176,https://ror.org/008sy4716,Parks Canada,Parent,Production
2933,https://github.com/ror-community/ror-updates/issues/2933,Add a new organization to ROR - Jasper National Park,Parks Canada,https://ror.org/008sy4716,https://ror.org/00k0g5176,Jasper National Park,Child,Release
2934,https://github.com/ror-community/ror-updates/issues/2934,Add a new organization to ROR - Banff National Park,Banff National Park,https://ror.org/0271njn83,https://ror.org/008sy4716,Parks Canada,Parent,Production
2934,https://github.com/ror-community/ror-updates/issues/2934,Add a new organization to ROR - Banff National Park,Parks Canada,https://ror.org/008sy4716,https://ror.org/0271njn83,Banff National Park,Child,Release
2935,https://github.com/ror-community/ror-updates/issues/2935,Add a new organization to ROR - Yoho National Park,Yoho National Park,https://ror.org/04bvg0c15,https://ror.org/008sy4716,Parks Canada,Parent,Production
2935,https://github.com/ror-community/ror-updates/issues/2935,Add a new organization to ROR - Yoho National Park,Parks Canada,https://ror.org/008sy4716,https://ror.org/04bvg0c15,Yoho National Park,Child,Release
2936,https://github.com/ror-community/ror-updates/issues/2936,Add a new organization to ROR - Kootenay National Park,Kootenay National Park,https://ror.org/02saske07,https://ror.org/008sy4716,Parks Canada,Parent,Production
2936,https://github.com/ror-community/ror-updates/issues/2936,Add a new organization to ROR - Kootenay National Park,Parks Canada,https://ror.org/008sy4716,https://ror.org/02saske07,Kootenay National Park,Child,Release
2937,https://github.com/ror-community/ror-updates/issues/2937,Add a new organization to ROR - Kluane National Park and Reserve,Kluane National Park and Reserve,https://ror.org/05rpdjf12,https://ror.org/008sy4716,Parks Canada,Parent,Production
2937,https://github.com/ror-community/ror-updates/issues/2937,Add a new organization to ROR - Kluane National Park and Reserve,Parks Canada,https://ror.org/008sy4716,https://ror.org/05rpdjf12,Kluane National Park and Reserve,Child,Release
2938,https://github.com/ror-community/ror-updates/issues/2938,Add a new organization to ROR - Torngat Mountains National Park,Torngat Mountains National Park,https://ror.org/0436nnc79,https://ror.org/008sy4716,Parks Canada,Parent,Production
2938,https://github.com/ror-community/ror-updates/issues/2938,Add a new organization to ROR - Torngat Mountains National Park,Parks Canada,https://ror.org/008sy4716,https://ror.org/0436nnc79,Torngat Mountains National Park,Child,Release
2939,https://github.com/ror-community/ror-updates/issues/2939,Add a new organization to ROR - Ivvavik National Park,Ivvavik National Park,https://ror.org/0227txs74,https://ror.org/008sy4716,Parks Canada,Parent,Production
2939,https://github.com/ror-community/ror-updates/issues/2939,Add a new organization to ROR - Ivvavik National Park,Parks Canada,https://ror.org/008sy4716,https://ror.org/0227txs74,Ivvavik National Park,Child,Release
2940,https://github.com/ror-community/ror-updates/issues/2940,Add a new organization to ROR - Cape Breton Highlands National Park,Cape Breton Highlands National Park,https://ror.org/03mtk3r50,https://ror.org/008sy4716,Parks Canada,Parent,Production
2940,https://github.com/ror-community/ror-updates/issues/2940,Add a new organization to ROR - Cape Breton Highlands National Park,Parks Canada,https://ror.org/008sy4716,https://ror.org/03mtk3r50,Cape Breton Highlands National Park,Child,Release
2941,https://github.com/ror-community/ror-updates/issues/2941,Add a new organization to ROR - Gros Morne National Park,Gros Morne National Park,https://ror.org/019p70n30,https://ror.org/008sy4716,Parks Canada,Parent,Production
2941,https://github.com/ror-community/ror-updates/issues/2941,Add a new organization to ROR - Gros Morne National Park,Parks Canada,https://ror.org/008sy4716,https://ror.org/019p70n30,Gros Morne National Park,Child,Release
2942,https://github.com/ror-community/ror-updates/issues/2942,Add a new organization to ROR - Pukaskwa National Park,Pukaskwa National Park,https://ror.org/03tcpz740,https://ror.org/008sy4716,Parks Canada,Parent,Production
2942,https://github.com/ror-community/ror-updates/issues/2942,Add a new organization to ROR - Pukaskwa National Park,Parks Canada,https://ror.org/008sy4716,https://ror.org/03tcpz740,Pukaskwa National Park,Child,Release
2943,https://github.com/ror-community/ror-updates/issues/2943,Add a new organization to ROR - Wood Buffalo National Park,Wood Buffalo National Park,https://ror.org/04xz59c49,https://ror.org/008sy4716,Parks Canada,Parent,Production
2943,https://github.com/ror-community/ror-updates/issues/2943,Add a new organization to ROR - Wood Buffalo National Park,Parks Canada,https://ror.org/008sy4716,https://ror.org/04xz59c49,Wood Buffalo National Park,Child,Release
2944,https://github.com/ror-community/ror-updates/issues/2944,Add a new organization to ROR - Nahanni National Park Reserve,Nahanni National Park Reserve,https://ror.org/03rzyb874,https://ror.org/008sy4716,Parks Canada,Parent,Production
2944,https://github.com/ror-community/ror-updates/issues/2944,Add a new organization to ROR - Nahanni National Park Reserve,Parks Canada,https://ror.org/008sy4716,https://ror.org/03rzyb874,Nahanni National Park Reserve,Child,Release
2945,https://github.com/ror-community/ror-updates/issues/2945,Add a new organization to ROR - Georgian Bay Islands National Park,Georgian Bay Islands National Park,https://ror.org/014ahdf17,https://ror.org/008sy4716,Parks Canada,Parent,Production
2945,https://github.com/ror-community/ror-updates/issues/2945,Add a new organization to ROR - Georgian Bay Islands National Park,Parks Canada,https://ror.org/008sy4716,https://ror.org/014ahdf17,Georgian Bay Islands National Park,Child,Release
2946,https://github.com/ror-community/ror-updates/issues/2946,Add a new organization to ROR - Tuktut Nogait National Park,Tuktut Nogait National Park,https://ror.org/02ktgt837,https://ror.org/008sy4716,Parks Canada,Parent,Production
2946,https://github.com/ror-community/ror-updates/issues/2946,Add a new organization to ROR - Tuktut Nogait National Park,Parks Canada,https://ror.org/008sy4716,https://ror.org/02ktgt837,Tuktut Nogait National Park,Child,Release
2947,https://github.com/ror-community/ror-updates/issues/2947,Add a new organization to ROR - Thousand Islands National Park,Thousand Islands National Park,https://ror.org/04rf18d16,https://ror.org/008sy4716,Parks Canada,Parent,Production
2947,https://github.com/ror-community/ror-updates/issues/2947,Add a new organization to ROR - Thousand Islands National Park,Parks Canada,https://ror.org/008sy4716,https://ror.org/04rf18d16,Thousand Islands National Park,Child,Release
2948,https://github.com/ror-community/ror-updates/issues/2948,Add a new organization to ROR - Thaidene Nëné National Park Reserve,Thaidene Nëné National Park Reserve,https://ror.org/00nvgrx75,https://ror.org/008sy4716,Parks Canada,Parent,Production
2948,https://github.com/ror-community/ror-updates/issues/2948,Add a new organization to ROR - Thaidene Nëné National Park Reserve,Parks Canada,https://ror.org/008sy4716,https://ror.org/00nvgrx75,Thaidene Nëné National Park Reserve,Child,Release
2949,https://github.com/ror-community/ror-updates/issues/2949,Add a new organization to ROR - Aulavik National Park,Aulavik National Park,https://ror.org/002eh7j54,https://ror.org/008sy4716,Parks Canada,Parent,Production
2949,https://github.com/ror-community/ror-updates/issues/2949,Add a new organization to ROR - Aulavik National Park,Parks Canada,https://ror.org/008sy4716,https://ror.org/002eh7j54,Aulavik National Park,Child,Release
2950,https://github.com/ror-community/ror-updates/issues/2950,Add a new organization to ROR - Gulf Islands National Park Reserve,Gulf Islands National Park Reserve,https://ror.org/02v69n451,https://ror.org/008sy4716,Parks Canada,Parent,Production
2950,https://github.com/ror-community/ror-updates/issues/2950,Add a new organization to ROR - Gulf Islands National Park Reserve,Parks Canada,https://ror.org/008sy4716,https://ror.org/02v69n451,Gulf Islands National Park Reserve,Child,Release
2951,https://github.com/ror-community/ror-updates/issues/2951,Add a new organization to ROR - Auyuittuq National Park,Auyuittuq National Park,https://ror.org/02de03b20,https://ror.org/008sy4716,Parks Canada,Parent,Production
2951,https://github.com/ror-community/ror-updates/issues/2951,Add a new organization to ROR - Auyuittuq National Park,Parks Canada,https://ror.org/008sy4716,https://ror.org/02de03b20,Auyuittuq National Park,Child,Release
2952,https://github.com/ror-community/ror-updates/issues/2952,Add a new organization to ROR - Kejimkujik National Park,Kejimkujik National Park,https://ror.org/01dpbzg35,https://ror.org/008sy4716,Parks Canada,Parent,Production
2952,https://github.com/ror-community/ror-updates/issues/2952,Add a new organization to ROR - Kejimkujik National Park,Parks Canada,https://ror.org/008sy4716,https://ror.org/01dpbzg35,Kejimkujik National Park,Child,Release
2953,https://github.com/ror-community/ror-updates/issues/2953,Add a new organization to ROR - Riding Mountain National Park,Riding Mountain National Park,https://ror.org/053940494,https://ror.org/008sy4716,Parks Canada,Parent,Production
2953,https://github.com/ror-community/ror-updates/issues/2953,Add a new organization to ROR - Riding Mountain National Park,Parks Canada,https://ror.org/008sy4716,https://ror.org/053940494,Riding Mountain National Park,Child,Release
2954,https://github.com/ror-community/ror-updates/issues/2954,Add a new organization to ROR - Sirmilik National Park,Sirmilik National Park,https://ror.org/05667zq45,https://ror.org/008sy4716,Parks Canada,Parent,Production
2954,https://github.com/ror-community/ror-updates/issues/2954,Add a new organization to ROR - Sirmilik National Park,Parks Canada,https://ror.org/008sy4716,https://ror.org/05667zq45,Sirmilik National Park,Child,Release
2955,https://github.com/ror-community/ror-updates/issues/2955,Add a new organization to ROR - Nááts'įhch'oh National Park Reserve,Nááts'įhch'oh National Park Reserve,https://ror.org/009667168,https://ror.org/008sy4716,Parks Canada,Parent,Production
2955,https://github.com/ror-community/ror-updates/issues/2955,Add a new organization to ROR - Nááts'įhch'oh National Park Reserve,Parks Canada,https://ror.org/008sy4716,https://ror.org/009667168,Nááts'įhch'oh National Park Reserve,Child,Release
2956,https://github.com/ror-community/ror-updates/issues/2956,Add a new organization to ROR - Mingan Archipelago National Park Reserve,Mingan Archipelago National Park Reserve,https://ror.org/01eexc772,https://ror.org/008sy4716,Parks Canada,Parent,Production
2956,https://github.com/ror-community/ror-updates/issues/2956,Add a new organization to ROR - Mingan Archipelago National Park Reserve,Parks Canada,https://ror.org/008sy4716,https://ror.org/01eexc772,Mingan Archipelago National Park Reserve,Child,Release
2957,https://github.com/ror-community/ror-updates/issues/2957,Add a new organization to ROR - Kouchibouguac National Park,Kouchibouguac National Park,https://ror.org/007scx377,https://ror.org/008sy4716,Parks Canada,Parent,Production
2957,https://github.com/ror-community/ror-updates/issues/2957,Add a new organization to ROR - Kouchibouguac National Park,Parks Canada,https://ror.org/008sy4716,https://ror.org/007scx377,Kouchibouguac National Park,Child,Release
2959,https://github.com/ror-community/ror-updates/issues/2959,Add a new organization to ROR - Vuntut National Park,Vuntut National Park,https://ror.org/00hg3n482,https://ror.org/008sy4716,Parks Canada,Parent,Production
2959,https://github.com/ror-community/ror-updates/issues/2959,Add a new organization to ROR - Vuntut National Park,Parks Canada,https://ror.org/008sy4716,https://ror.org/00hg3n482,Vuntut National Park,Child,Release
2960,https://github.com/ror-community/ror-updates/issues/2960,Add a new organization to ROR - Gwaii Haanas National Park Reserve and Haida Heritage Site,Gwaii Haanas National Park Reserve and Haida Heritage Site,https://ror.org/01rgky883,https://ror.org/008sy4716,Parks Canada,Parent,Production
2960,https://github.com/ror-community/ror-updates/issues/2960,Add a new organization to ROR - Gwaii Haanas National Park Reserve and Haida Heritage Site,Parks Canada,https://ror.org/008sy4716,https://ror.org/01rgky883,Gwaii Haanas National Park Reserve and Haida Heritage Site,Child,Release
2961,https://github.com/ror-community/ror-updates/issues/2961,Add a new organization to ROR - Ukkusiksalik National Park,Ukkusiksalik National Park,https://ror.org/02td1nn43,https://ror.org/008sy4716,Parks Canada,Parent,Production
2961,https://github.com/ror-community/ror-updates/issues/2961,Add a new organization to ROR - Ukkusiksalik National Park,Parks Canada,https://ror.org/008sy4716,https://ror.org/02td1nn43,Ukkusiksalik National Park,Child,Release
2962,https://github.com/ror-community/ror-updates/issues/2962,Add a new organization to ROR - Waterton Lakes National Park,Waterton Lakes National Park,https://ror.org/03a7kkc32,https://ror.org/008sy4716,Parks Canada,Parent,Production
2962,https://github.com/ror-community/ror-updates/issues/2962,Add a new organization to ROR - Waterton Lakes National Park,Parks Canada,https://ror.org/008sy4716,https://ror.org/03a7kkc32,Waterton Lakes National Park,Child,Release
2963,https://github.com/ror-community/ror-updates/issues/2963,Add a new organization to ROR - Bruce Peninsula National Park,Bruce Peninsula National Park,https://ror.org/038g41092,https://ror.org/008sy4716,Parks Canada,Parent,Production
2963,https://github.com/ror-community/ror-updates/issues/2963,Add a new organization to ROR - Bruce Peninsula National Park,Parks Canada,https://ror.org/008sy4716,https://ror.org/038g41092,Bruce Peninsula National Park,Child,Release
2965,https://github.com/ror-community/ror-updates/issues/2965,Add a new organization to ROR - Prince Albert National Park,Prince Albert National Park,https://ror.org/03xy3ra43,https://ror.org/008sy4716,Parks Canada,Parent,Production
2965,https://github.com/ror-community/ror-updates/issues/2965,Add a new organization to ROR - Prince Albert National Park,Parks Canada,https://ror.org/008sy4716,https://ror.org/03xy3ra43,Prince Albert National Park,Child,Release
2966,https://github.com/ror-community/ror-updates/issues/2966,Add a new organization to ROR - Point Pelee National Park,Point Pelee National Park,https://ror.org/05a57r951,https://ror.org/008sy4716,Parks Canada,Parent,Production
2966,https://github.com/ror-community/ror-updates/issues/2966,Add a new organization to ROR - Point Pelee National Park,Parks Canada,https://ror.org/008sy4716,https://ror.org/05a57r951,Point Pelee National Park,Child,Release
2967,https://github.com/ror-community/ror-updates/issues/2967,Add a new organization to ROR - Glacier National Park,Glacier National Park,https://ror.org/01qrjns53,https://ror.org/008sy4716,Parks Canada,Parent,Production
2967,https://github.com/ror-community/ror-updates/issues/2967,Add a new organization to ROR - Glacier National Park,Parks Canada,https://ror.org/008sy4716,https://ror.org/01qrjns53,Glacier National Park,Child,Release
2968,https://github.com/ror-community/ror-updates/issues/2968,Add a new organization to ROR - Prince Edward Island National Park,Prince Edward Island National Park,https://ror.org/05knsc956,https://ror.org/008sy4716,Parks Canada,Parent,Production
2968,https://github.com/ror-community/ror-updates/issues/2968,Add a new organization to ROR - Prince Edward Island National Park,Parks Canada,https://ror.org/008sy4716,https://ror.org/05knsc956,Prince Edward Island National Park,Child,Release
2969,https://github.com/ror-community/ror-updates/issues/2969,Add a new organization to ROR - Quttinirpaaq National Park,Quttinirpaaq National Park,https://ror.org/01jkhfm44,https://ror.org/008sy4716,Parks Canada,Parent,Production
2969,https://github.com/ror-community/ror-updates/issues/2969,Add a new organization to ROR - Quttinirpaaq National Park,Parks Canada,https://ror.org/008sy4716,https://ror.org/01jkhfm44,Quttinirpaaq National Park,Child,Release
2970,https://github.com/ror-community/ror-updates/issues/2970,Add a new organization to ROR - Elk Island National Park,Elk Island National Park,https://ror.org/03gtnmh30,https://ror.org/008sy4716,Parks Canada,Parent,Production
2970,https://github.com/ror-community/ror-updates/issues/2970,Add a new organization to ROR - Elk Island National Park,Parks Canada,https://ror.org/008sy4716,https://ror.org/03gtnmh30,Elk Island National Park,Child,Release
2971,https://github.com/ror-community/ror-updates/issues/2971,Add a new organization to ROR - Terra Nova National Park,Terra Nova National Park,https://ror.org/00pw05h04,https://ror.org/008sy4716,Parks Canada,Parent,Production
2971,https://github.com/ror-community/ror-updates/issues/2971,Add a new organization to ROR - Terra Nova National Park,Parks Canada,https://ror.org/008sy4716,https://ror.org/00pw05h04,Terra Nova National Park,Child,Release
2972,https://github.com/ror-community/ror-updates/issues/2972,Add a new organization to ROR - Forillon National Park,Forillon National Park,https://ror.org/028cw6449,https://ror.org/008sy4716,Parks Canada,Parent,Production
2972,https://github.com/ror-community/ror-updates/issues/2972,Add a new organization to ROR - Forillon National Park,Parks Canada,https://ror.org/008sy4716,https://ror.org/028cw6449,Forillon National Park,Child,Release
2973,https://github.com/ror-community/ror-updates/issues/2973,Add a new organization to ROR - Fundy National Park,Fundy National Park,https://ror.org/002jjge32,https://ror.org/008sy4716,Parks Canada,Parent,Production
2973,https://github.com/ror-community/ror-updates/issues/2973,Add a new organization to ROR - Fundy National Park,Parks Canada,https://ror.org/008sy4716,https://ror.org/002jjge32,Fundy National Park,Child,Release
2974,https://github.com/ror-community/ror-updates/issues/2974,Add a new organization to ROR - Grasslands National Park,Grasslands National Park,https://ror.org/03h7x1x60,https://ror.org/008sy4716,Parks Canada,Parent,Production
2974,https://github.com/ror-community/ror-updates/issues/2974,Add a new organization to ROR - Grasslands National Park,Parks Canada,https://ror.org/008sy4716,https://ror.org/03h7x1x60,Grasslands National Park,Child,Release
2975,https://github.com/ror-community/ror-updates/issues/2975,Add a new organization to ROR - Wapusk National Park,Wapusk National Park,https://ror.org/00epkwd79,https://ror.org/008sy4716,Parks Canada,Parent,Production
2975,https://github.com/ror-community/ror-updates/issues/2975,Add a new organization to ROR - Wapusk National Park,Parks Canada,https://ror.org/008sy4716,https://ror.org/00epkwd79,Wapusk National Park,Child,Release
2976,https://github.com/ror-community/ror-updates/issues/2976,Add a new organization to ROR - Pacific Rim National Park Reserve,Pacific Rim National Park Reserve,https://ror.org/05qjftn62,https://ror.org/008sy4716,Parks Canada,Parent,Production
2976,https://github.com/ror-community/ror-updates/issues/2976,Add a new organization to ROR - Pacific Rim National Park Reserve,Parks Canada,https://ror.org/008sy4716,https://ror.org/05qjftn62,Pacific Rim National Park Reserve,Child,Release
2977,https://github.com/ror-community/ror-updates/issues/2977,Add a new organization to ROR - Mauricie National Park,La Mauricie National Park,https://ror.org/056a3pe54,https://ror.org/008sy4716,Parks Canada,Parent,Production
2977,https://github.com/ror-community/ror-updates/issues/2977,Add a new organization to ROR - Mauricie National Park,Parks Canada,https://ror.org/008sy4716,https://ror.org/056a3pe54,La Mauricie National Park,Child,Release
2978,https://github.com/ror-community/ror-updates/issues/2978,Add a new organization to ROR - Sable Island National Park Reserve,Sable Island National Park Reserve,https://ror.org/04zfedn93,https://ror.org/008sy4716,Parks Canada,Parent,Production
2978,https://github.com/ror-community/ror-updates/issues/2978,Add a new organization to ROR - Sable Island National Park Reserve,Parks Canada,https://ror.org/008sy4716,https://ror.org/04zfedn93,Sable Island National Park Reserve,Child,Release
2979,https://github.com/ror-community/ror-updates/issues/2979,Add a new organization to ROR - Akami-Uapishkᵘ-KakKasuak-Mealy Mountains National Park Reserve,Akami-Uapishkᵘ-KakKasuak-Mealy Mountains National Park Reserve,https://ror.org/05aza0t21,https://ror.org/008sy4716,Parks Canada,Parent,Production
2979,https://github.com/ror-community/ror-updates/issues/2979,Add a new organization to ROR - Akami-Uapishkᵘ-KakKasuak-Mealy Mountains National Park Reserve,Parks Canada,https://ror.org/008sy4716,https://ror.org/05aza0t21,Akami-Uapishkᵘ-KakKasuak-Mealy Mountains National Park Reserve,Child,Release
2980,https://github.com/ror-community/ror-updates/issues/2980,Add a new organization to ROR - Qausuittuq National Park,Qausuittuq National Park,https://ror.org/049dch481,https://ror.org/008sy4716,Parks Canada,Parent,Production
2980,https://github.com/ror-community/ror-updates/issues/2980,Add a new organization to ROR - Qausuittuq National Park,Parks Canada,https://ror.org/008sy4716,https://ror.org/049dch481,Qausuittuq National Park,Child,Release
2996,https://github.com/ror-community/ror-updates/issues/2996,Add a new organization to ROR - Max Planck Institute for Biological Intelligence,Max Planck Institute for Biological Intelligence,https://ror.org/03g267s60,https://ror.org/00178eg98,Max Planck Institute for Ornithology,Predecessor,Release
2996,https://github.com/ror-community/ror-updates/issues/2996,Add a new organization to ROR - Max Planck Institute for Biological Intelligence,Max Planck Institute for Ornithology,https://ror.org/00178eg98,https://ror.org/03g267s60,Max Planck Institute for Biological Intelligence,Successor,Release
2996,https://github.com/ror-community/ror-updates/issues/2996,Add a new organization to ROR - Max Planck Institute for Biological Intelligence,Max Planck Institute for Biological Intelligence,https://ror.org/03g267s60,https://ror.org/03ap2av50,Max Planck Institute of Neurobiology,Predecessor,Release
2996,https://github.com/ror-community/ror-updates/issues/2996,Add a new organization to ROR - Max Planck Institute for Biological Intelligence,Max Planck Institute of Neurobiology,https://ror.org/03ap2av50,https://ror.org/03g267s60,Max Planck Institute for Biological Intelligence,Successor,Release
2996,https://github.com/ror-community/ror-updates/issues/2996,Add a new organization to ROR - Max Planck Institute for Biological Intelligence,Max Planck Institute for Biological Intelligence,https://ror.org/03g267s60,https://ror.org/01hhn8329,Max Planck Society,Parent,Production
2996,https://github.com/ror-community/ror-updates/issues/2996,Add a new organization to ROR - Max Planck Institute for Biological Intelligence,Max Planck Society,https://ror.org/01hhn8329,https://ror.org/03g267s60,Max Planck Institute for Biological Intelligence,Child,Release
3003,https://github.com/ror-community/ror-updates/issues/3003,Add a new organization to ROR - Climate Service Center,Climate Service Center,https://ror.org/022rwzq94,https://ror.org/03qjp1d79,Helmholtz-Zentrum Hereon,Parent,Production
3003,https://github.com/ror-community/ror-updates/issues/3003,Add a new organization to ROR - Climate Service Center,Helmholtz-Zentrum Hereon,https://ror.org/03qjp1d79,https://ror.org/022rwzq94,Climate Service Center,Child,Release
3009,https://github.com/ror-community/ror-updates/issues/3009,Add a new organization to ROR: Klinik und Poliklinik für Frauenheilkunde und Geburtshilfe,Klinik und Poliklinik für Frauenheilkunde und Geburtshilfe,https://ror.org/02794jc95,https://ror.org/02jet3w32,LMU Klinikum,Parent,Production
3009,https://github.com/ror-community/ror-updates/issues/3009,Add a new organization to ROR: Klinik und Poliklinik für Frauenheilkunde und Geburtshilfe,LMU Klinikum,https://ror.org/02jet3w32,https://ror.org/02794jc95,Klinik und Poliklinik für Frauenheilkunde und Geburtshilfe,Child,Release
3011,https://github.com/ror-community/ror-updates/issues/3011,Add a new organization to ROR: Max Planck Institute of Geoanthropology,Max Planck Institute of Geoanthropology,https://ror.org/00js75b59,https://ror.org/01hhn8329,Max Planck Society,Parent,Production
3011,https://github.com/ror-community/ror-updates/issues/3011,Add a new organization to ROR: Max Planck Institute of Geoanthropology,Max Planck Society,https://ror.org/01hhn8329,https://ror.org/00js75b59,Max Planck Institute of Geoanthropology,Child,Release
3013,https://github.com/ror-community/ror-updates/issues/3013,Add a new organization to ROR - Moses Mendelssohn Center for European Jewish Studies,Moses Mendelssohn Center for European Jewish Studies,https://ror.org/04vj48162,https://ror.org/03bnmw459,University of Potsdam,Parent,Production
3013,https://github.com/ror-community/ror-updates/issues/3013,Add a new organization to ROR - Moses Mendelssohn Center for European Jewish Studies,University of Potsdam,https://ror.org/03bnmw459,https://ror.org/04vj48162,Moses Mendelssohn Center for European Jewish Studies,Child,Release
3014,https://github.com/ror-community/ror-updates/issues/3014,Add a new organization to ROR: Nationales Centrum für Tumorerkrankungen Dresden  ,Nationales Centrum für Tumorerkrankungen Dresden,https://ror.org/01zy07c70,https://ror.org/04cdgtt98,German Cancer Research Center,Parent,Production
3014,https://github.com/ror-community/ror-updates/issues/3014,Add a new organization to ROR: Nationales Centrum für Tumorerkrankungen Dresden  ,German Cancer Research Center,https://ror.org/04cdgtt98,https://ror.org/01zy07c70,Nationales Centrum für Tumorerkrankungen Dresden,Child,Release
3014,https://github.com/ror-community/ror-updates/issues/3014,Add a new organization to ROR: Nationales Centrum für Tumorerkrankungen Dresden  ,Nationales Centrum für Tumorerkrankungen Dresden,https://ror.org/01zy07c70,https://ror.org/04za5zm41,University Hospital Carl Gustav Carus,Parent,Production
3014,https://github.com/ror-community/ror-updates/issues/3014,Add a new organization to ROR: Nationales Centrum für Tumorerkrankungen Dresden  ,University Hospital Carl Gustav Carus,https://ror.org/04za5zm41,https://ror.org/01zy07c70,Nationales Centrum für Tumorerkrankungen Dresden,Child,Release
3014,https://github.com/ror-community/ror-updates/issues/3014,Add a new organization to ROR: Nationales Centrum für Tumorerkrankungen Dresden  ,Nationales Centrum für Tumorerkrankungen Dresden,https://ror.org/01zy07c70,https://ror.org/042aqky30,TU Dresden,Parent,Production
3014,https://github.com/ror-community/ror-updates/issues/3014,Add a new organization to ROR: Nationales Centrum für Tumorerkrankungen Dresden  ,TU Dresden,https://ror.org/042aqky30,https://ror.org/01zy07c70,Nationales Centrum für Tumorerkrankungen Dresden,Child,Release
3014,https://github.com/ror-community/ror-updates/issues/3014,Add a new organization to ROR: Nationales Centrum für Tumorerkrankungen Dresden  ,Nationales Centrum für Tumorerkrankungen Dresden,https://ror.org/01zy07c70,https://ror.org/01zy2cs03,Helmholtz-Zentrum Dresden-Rossendorf,Parent,Production
3014,https://github.com/ror-community/ror-updates/issues/3014,Add a new organization to ROR: Nationales Centrum für Tumorerkrankungen Dresden  ,Helmholtz-Zentrum Dresden-Rossendorf,https://ror.org/01zy2cs03,https://ror.org/01zy07c70,Nationales Centrum für Tumorerkrankungen Dresden,Child,Release
3028,https://github.com/ror-community/ror-updates/issues/3028,"Add a new organization to ROR: 
 
Fonctionnement et dysfonctionnement cognitifs : les âges de la vie",Fonctionnement et dysfonctionnement cognitifs: les âges de la vie,https://ror.org/051n2s460,https://ror.org/013bkhk48,Université Paris Nanterre,Parent,Production
3028,https://github.com/ror-community/ror-updates/issues/3028,"Add a new organization to ROR: 
 
Fonctionnement et dysfonctionnement cognitifs : les âges de la vie",Université Paris Nanterre,https://ror.org/013bkhk48,https://ror.org/051n2s460,Fonctionnement et dysfonctionnement cognitifs: les âges de la vie,Child,Release
3028,https://github.com/ror-community/ror-updates/issues/3028,"Add a new organization to ROR: 
 
Fonctionnement et dysfonctionnement cognitifs : les âges de la vie",Fonctionnement et dysfonctionnement cognitifs: les âges de la vie,https://ror.org/051n2s460,https://ror.org/04wez5e68,Paris 8 University,Parent,Production
3028,https://github.com/ror-community/ror-updates/issues/3028,"Add a new organization to ROR: 
 
Fonctionnement et dysfonctionnement cognitifs : les âges de la vie",Paris 8 University,https://ror.org/04wez5e68,https://ror.org/051n2s460,Fonctionnement et dysfonctionnement cognitifs: les âges de la vie,Child,Release
3029,https://github.com/ror-community/ror-updates/issues/3029,"Add a new organization to ROR: 
 
Laboratoire énergétique mécanique électromagnétisme",Laboratoire énergétique mécanique électromagnétisme,https://ror.org/00ae7xs76,https://ror.org/013bkhk48,Université Paris Nanterre,Parent,Production
3029,https://github.com/ror-community/ror-updates/issues/3029,"Add a new organization to ROR: 
 
Laboratoire énergétique mécanique électromagnétisme",Université Paris Nanterre,https://ror.org/013bkhk48,https://ror.org/00ae7xs76,Laboratoire énergétique mécanique électromagnétisme,Child,Release
3038,https://github.com/ror-community/ror-updates/issues/3038,"Add a new organization to ROR: 
 
National Microbiome Data Collaborative",National Microbiome Data Collaborative,https://ror.org/05cwx3318,https://ror.org/04xm1d337,Joint Genome Institute,Related,Production
3038,https://github.com/ror-community/ror-updates/issues/3038,"Add a new organization to ROR: 
 
National Microbiome Data Collaborative",Joint Genome Institute,https://ror.org/04xm1d337,https://ror.org/05cwx3318,National Microbiome Data Collaborative,Related,Release
3038,https://github.com/ror-community/ror-updates/issues/3038,"Add a new organization to ROR: 
 
National Microbiome Data Collaborative",National Microbiome Data Collaborative,https://ror.org/05cwx3318,https://ror.org/04rc0xn13,Environmental Molecular Sciences Laboratory,Related,Production
3038,https://github.com/ror-community/ror-updates/issues/3038,"Add a new organization to ROR: 
 
National Microbiome Data Collaborative",Environmental Molecular Sciences Laboratory,https://ror.org/04rc0xn13,https://ror.org/05cwx3318,National Microbiome Data Collaborative,Related,Release
3038,https://github.com/ror-community/ror-updates/issues/3038,"Add a new organization to ROR: 
 
National Microbiome Data Collaborative",National Microbiome Data Collaborative,https://ror.org/05cwx3318,https://ror.org/02jbv0t02,Lawrence Berkeley National Laboratory,Related,Production
3038,https://github.com/ror-community/ror-updates/issues/3038,"Add a new organization to ROR: 
 
National Microbiome Data Collaborative",Lawrence Berkeley National Laboratory,https://ror.org/02jbv0t02,https://ror.org/05cwx3318,National Microbiome Data Collaborative,Related,Release
3038,https://github.com/ror-community/ror-updates/issues/3038,"Add a new organization to ROR: 
 
National Microbiome Data Collaborative",National Microbiome Data Collaborative,https://ror.org/05cwx3318,https://ror.org/01e41cf67,Los Alamos National Laboratory,Related,Production
3038,https://github.com/ror-community/ror-updates/issues/3038,"Add a new organization to ROR: 
 
National Microbiome Data Collaborative",Los Alamos National Laboratory,https://ror.org/01e41cf67,https://ror.org/05cwx3318,National Microbiome Data Collaborative,Related,Release
3038,https://github.com/ror-community/ror-updates/issues/3038,"Add a new organization to ROR: 
 
National Microbiome Data Collaborative",National Microbiome Data Collaborative,https://ror.org/05cwx3318,https://ror.org/05h992307,Pacific Northwest National Laboratory,Related,Production
3038,https://github.com/ror-community/ror-updates/issues/3038,"Add a new organization to ROR: 
 
National Microbiome Data Collaborative",Pacific Northwest National Laboratory,https://ror.org/05h992307,https://ror.org/05cwx3318,National Microbiome Data Collaborative,Related,Release
3045,https://github.com/ror-community/ror-updates/issues/3045,"Add a new organization to ROR: 
 
California Water Science Center",California Water Science Center,https://ror.org/01qrbys32,https://ror.org/035a68863,United States Geological Survey,Parent,Production
3045,https://github.com/ror-community/ror-updates/issues/3045,"Add a new organization to ROR: 
 
California Water Science Center",United States Geological Survey,https://ror.org/035a68863,https://ror.org/01qrbys32,California Water Science Center,Child,Release
3052,https://github.com/ror-community/ror-updates/issues/3052,Add a new organization to ROR - Staatsinstitut für Familienforschung an der Universität Bamberg,Staatsinstitut für Familienforschung an der Universität Bamberg,https://ror.org/0384rzm54,https://ror.org/01c1w6d29,University of Bamberg,Parent,Production
3052,https://github.com/ror-community/ror-updates/issues/3052,Add a new organization to ROR - Staatsinstitut für Familienforschung an der Universität Bamberg,University of Bamberg,https://ror.org/01c1w6d29,https://ror.org/0384rzm54,Staatsinstitut für Familienforschung an der Universität Bamberg,Child,Release
3052,https://github.com/ror-community/ror-updates/issues/3052,Add a new organization to ROR - Staatsinstitut für Familienforschung an der Universität Bamberg,Staatsinstitut für Familienforschung an der Universität Bamberg,https://ror.org/0384rzm54,https://ror.org/02a7z5917,"Bayerisches Staatsministerium für Familie, Arbeit und Soziales",Parent,Release
3052,https://github.com/ror-community/ror-updates/issues/3052,Add a new organization to ROR - Staatsinstitut für Familienforschung an der Universität Bamberg,"Bayerisches Staatsministerium für Familie, Arbeit und Soziales",https://ror.org/02a7z5917,https://ror.org/0384rzm54,Staatsinstitut für Familienforschung an der Universität Bamberg,Child,Release
3035,https://github.com/ror-community/ror-updates/issues/3035,Add a new organization to ROR: Western Crop Genetics Alliance,Western Crop Genetics Alliance,https://ror.org/009axtj18,https://ror.org/00r4sry34,Murdoch University,Parent,Production
3035,https://github.com/ror-community/ror-updates/issues/3035,Add a new organization to ROR: Western Crop Genetics Alliance,Murdoch University,https://ror.org/00r4sry34,https://ror.org/009axtj18,Western Crop Genetics Alliance,Child,Release
3035,https://github.com/ror-community/ror-updates/issues/3035,Add a new organization to ROR: Western Crop Genetics Alliance,Western Crop Genetics Alliance,https://ror.org/009axtj18,https://ror.org/01awp2978,Department of Primary Industries and Regional Development,Parent,Production
3035,https://github.com/ror-community/ror-updates/issues/3035,Add a new organization to ROR: Western Crop Genetics Alliance,Department of Primary Industries and Regional Development,https://ror.org/01awp2978,https://ror.org/009axtj18,Western Crop Genetics Alliance,Child,Release
3063,https://github.com/ror-community/ror-updates/issues/3063,"Add a new organization to ROR: 
 
Laboratoire interdisciplinaire en neurosciences, physiologie et psychologie","Laboratoire interdisciplinaire en neurosciences, physiologie et psychologie",https://ror.org/04cm4mp98,https://ror.org/013bkhk48,Université Paris Nanterre,Parent,Production
3063,https://github.com/ror-community/ror-updates/issues/3063,"Add a new organization to ROR: 
 
Laboratoire interdisciplinaire en neurosciences, physiologie et psychologie",Université Paris Nanterre,https://ror.org/013bkhk48,https://ror.org/04cm4mp98,"Laboratoire interdisciplinaire en neurosciences, physiologie et psychologie",Child,Release
3066,https://github.com/ror-community/ror-updates/issues/3066,"Add a new organization to ROR: 
 
Laboratoire de thermique interfaces environnement",Laboratoire de thermique interfaces environnement,https://ror.org/0477eg838,https://ror.org/013bkhk48,Université Paris Nanterre,Parent,Production
3066,https://github.com/ror-community/ror-updates/issues/3066,"Add a new organization to ROR: 
 
Laboratoire de thermique interfaces environnement",Université Paris Nanterre,https://ror.org/013bkhk48,https://ror.org/0477eg838,Laboratoire de thermique interfaces environnement,Child,Release
3064,https://github.com/ror-community/ror-updates/issues/3064,"Add a new organization to ROR: 
 
Laboratoire d'études de genre et de sexualité",Laboratoire d'études de genre et de sexualité,https://ror.org/005w2mm89,https://ror.org/013bkhk48,Université Paris Nanterre,Parent,Production
3064,https://github.com/ror-community/ror-updates/issues/3064,"Add a new organization to ROR: 
 
Laboratoire d'études de genre et de sexualité",Université Paris Nanterre,https://ror.org/013bkhk48,https://ror.org/005w2mm89,Laboratoire d'études de genre et de sexualité,Child,Release
3064,https://github.com/ror-community/ror-updates/issues/3064,"Add a new organization to ROR: 
 
Laboratoire d'études de genre et de sexualité",Laboratoire d'études de genre et de sexualité,https://ror.org/005w2mm89,https://ror.org/04wez5e68,Paris 8 University,Parent,Production
3064,https://github.com/ror-community/ror-updates/issues/3064,"Add a new organization to ROR: 
 
Laboratoire d'études de genre et de sexualité",Paris 8 University,https://ror.org/04wez5e68,https://ror.org/005w2mm89,Laboratoire d'études de genre et de sexualité,Child,Release
3064,https://github.com/ror-community/ror-updates/issues/3064,"Add a new organization to ROR: 
 
Laboratoire d'études de genre et de sexualité",Laboratoire d'études de genre et de sexualité,https://ror.org/005w2mm89,https://ror.org/02feahw73,French National Centre for Scientific Research,Parent,Production
3064,https://github.com/ror-community/ror-updates/issues/3064,"Add a new organization to ROR: 
 
Laboratoire d'études de genre et de sexualité",French National Centre for Scientific Research,https://ror.org/02feahw73,https://ror.org/005w2mm89,Laboratoire d'études de genre et de sexualité,Child,Release
3065,https://github.com/ror-community/ror-updates/issues/3065,"Add a new organization to ROR: 
 
Laboratoire de géographie urbaine",Laboratoire de Géographie Urbaine,https://ror.org/02m8tt458,https://ror.org/013bkhk48,Université Paris Nanterre,Parent,Production
3065,https://github.com/ror-community/ror-updates/issues/3065,"Add a new organization to ROR: 
 
Laboratoire de géographie urbaine",Université Paris Nanterre,https://ror.org/013bkhk48,https://ror.org/02m8tt458,Laboratoire de Géographie Urbaine,Child,Release
3008,https://github.com/ror-community/ror-updates/issues/3008,Add a new organization to ROR: Institute of Diabetes Research,Institute of Diabetes Research,https://ror.org/0278hns33,https://ror.org/00cfam450,Helmholtz Zentrum München,Parent,Production
3008,https://github.com/ror-community/ror-updates/issues/3008,Add a new organization to ROR: Institute of Diabetes Research,Helmholtz Zentrum München,https://ror.org/00cfam450,https://ror.org/0278hns33,Institute of Diabetes Research,Child,Release
3073,https://github.com/ror-community/ror-updates/issues/3073,"Add a new organization to ROR: 
 
Nutrition, métabolismes et cancer ","Nutrition, métabolismes et cancer",https://ror.org/03zb6nw87,https://ror.org/015m7wh34,University of Rennes,Parent,Production
3073,https://github.com/ror-community/ror-updates/issues/3073,"Add a new organization to ROR: 
 
Nutrition, métabolismes et cancer ",University of Rennes,https://ror.org/015m7wh34,https://ror.org/03zb6nw87,"Nutrition, métabolismes et cancer",Child,Release
3073,https://github.com/ror-community/ror-updates/issues/3073,"Add a new organization to ROR: 
 
Nutrition, métabolismes et cancer ","Nutrition, métabolismes et cancer",https://ror.org/03zb6nw87,https://ror.org/02vjkv261,Inserm,Parent,Production
3073,https://github.com/ror-community/ror-updates/issues/3073,"Add a new organization to ROR: 
 
Nutrition, métabolismes et cancer ",Inserm,https://ror.org/02vjkv261,https://ror.org/03zb6nw87,"Nutrition, métabolismes et cancer",Child,Release
3073,https://github.com/ror-community/ror-updates/issues/3073,"Add a new organization to ROR: 
 
Nutrition, métabolismes et cancer ","Nutrition, métabolismes et cancer",https://ror.org/03zb6nw87,https://ror.org/003vg9w96,"National Research Institute for Agriculture, Food and Environment",Parent,Production
3073,https://github.com/ror-community/ror-updates/issues/3073,"Add a new organization to ROR: 
 
Nutrition, métabolismes et cancer ","National Research Institute for Agriculture, Food and Environment",https://ror.org/003vg9w96,https://ror.org/03zb6nw87,"Nutrition, métabolismes et cancer",Child,Release
3072,https://github.com/ror-community/ror-updates/issues/3072,"Add a new organization to ROR: 
 
Krankenhaus Mara gGmbh",Krankenhaus Mara,https://ror.org/00r2eaj81,https://ror.org/0162saw54,Evangelisches Krankenhaus Bielefeld,Related,Production
3072,https://github.com/ror-community/ror-updates/issues/3072,"Add a new organization to ROR: 
 
Krankenhaus Mara gGmbh",Evangelisches Krankenhaus Bielefeld,https://ror.org/0162saw54,https://ror.org/00r2eaj81,Krankenhaus Mara,Related,Release
2878,https://github.com/ror-community/ror-updates/issues/2878,"Add a new organization to ROR: 
 
M.Kh.Dulaty Taraz Regional University",Dulaty University,https://ror.org/02tvdnz86,https://ror.org/014kyp779,M. Kh Dulati Taraz State University,Predecessor,Release
2878,https://github.com/ror-community/ror-updates/issues/2878,"Add a new organization to ROR: 
 
M.Kh.Dulaty Taraz Regional University",M. Kh Dulati Taraz State University,https://ror.org/014kyp779,https://ror.org/02tvdnz86,Dulaty University,Successor,Release
2878,https://github.com/ror-community/ror-updates/issues/2878,"Add a new organization to ROR: 
 
M.Kh.Dulaty Taraz Regional University",Dulaty University,https://ror.org/02tvdnz86,https://ror.org/03fkxys09,Taraz State Pedagogical University,Predecessor,Release
2878,https://github.com/ror-community/ror-updates/issues/2878,"Add a new organization to ROR: 
 
M.Kh.Dulaty Taraz Regional University",Taraz State Pedagogical University,https://ror.org/03fkxys09,https://ror.org/02tvdnz86,Dulaty University,Successor,Release
3093,https://github.com/ror-community/ror-updates/issues/3093,"Add a new organization to ROR: 
 
Laboratoire de génie civil et génie mécanique",Laboratoire de génie civil et génie mécanique,https://ror.org/03x0g1010,https://ror.org/015m7wh34,University of Rennes,Parent,Production
3093,https://github.com/ror-community/ror-updates/issues/3093,"Add a new organization to ROR: 
 
Laboratoire de génie civil et génie mécanique",University of Rennes,https://ror.org/015m7wh34,https://ror.org/03x0g1010,Laboratoire de génie civil et génie mécanique,Child,Release
3093,https://github.com/ror-community/ror-updates/issues/3093,"Add a new organization to ROR: 
 
Laboratoire de génie civil et génie mécanique",Laboratoire de génie civil et génie mécanique,https://ror.org/03x0g1010,https://ror.org/04xaa4j22,Institut National des Sciences Appliquées de Rennes,Parent,Production
3093,https://github.com/ror-community/ror-updates/issues/3093,"Add a new organization to ROR: 
 
Laboratoire de génie civil et génie mécanique",Institut National des Sciences Appliquées de Rennes,https://ror.org/04xaa4j22,https://ror.org/03x0g1010,Laboratoire de génie civil et génie mécanique,Child,Release
3109,https://github.com/ror-community/ror-updates/issues/3109,"Add a new organization to ROR: 
 
Banner Alzheimer’s Institute",Banner Alzheimer’s Institute,https://ror.org/023jwkg52,https://ror.org/039wwwz66,Banner Health,Parent,Production
3109,https://github.com/ror-community/ror-updates/issues/3109,"Add a new organization to ROR: 
 
Banner Alzheimer’s Institute",Banner Health,https://ror.org/039wwwz66,https://ror.org/023jwkg52,Banner Alzheimer’s Institute,Child,Release
,,,Centre de Recherche et de Documentation sur l'Océanie (CREDO),https://ror.org/00jj62164,https://ror.org/035xkbk20,Aix-Marseille University,Parent,Production
,,,Aix-Marseille University,https://ror.org/035xkbk20,https://ror.org/00jj62164,Centre de Recherche et de Documentation sur l'Océanie (CREDO),Child,Release
,,,Centre de Recherche et de Documentation sur l'Océanie (CREDO),https://ror.org/00jj62164,https://ror.org/00x9ewr78,National Council for Scientific Research,Parent,Production
,,,National Council for Scientific Research,https://ror.org/00x9ewr78,https://ror.org/00jj62164,Centre de Recherche et de Documentation sur l'Océanie (CREDO),Child,Release
,,,Centre de Recherche et de Documentation sur l'Océanie (CREDO),https://ror.org/00jj62164,https://ror.org/02d9dg697,School for Advanced Studies in the Social Sciences,Parent,Production
,,,School for Advanced Studies in the Social Sciences,https://ror.org/02d9dg697,https://ror.org/00jj62164,Centre de Recherche et de Documentation sur l'Océanie (CREDO),Child,Release
