Issue # from Github,Issue URL,Issue title from Github,Name of org in Record ID,Record ID,Related ID,Name of org in Related ID,Relationship of Related ID to Record ID,Current location of Related ID
13003,https://github.com/ror-community/ror-updates/issues/13003,Add a new organization to ROR: Microsoft Research New York City (United States),Microsoft Research New York City (United States),https://ror.org/056zprp28,https://ror.org/00d0nc645,Microsoft (United States),Parent,Production
13003,https://github.com/ror-community/ror-updates/issues/13003,Add a new organization to ROR: Microsoft Research New York City (United States),Microsoft (United States),https://ror.org/00d0nc645,https://ror.org/056zprp28,Microsoft Research New York City (United States),Child,Release
13019,https://github.com/ror-community/ror-updates/issues/13019,"Add a new organization to ROR: 
 
Tübingen AI Center",Tübingen AI Center,https://ror.org/0107nyd78,https://ror.org/03a1kwz48,University of Tübingen,Parent,Production
13019,https://github.com/ror-community/ror-updates/issues/13019,"Add a new organization to ROR: 
 
Tübingen AI Center",University of Tübingen,https://ror.org/03a1kwz48,https://ror.org/0107nyd78,Tübingen AI Center,Child,Release
13019,https://github.com/ror-community/ror-updates/issues/13019,"Add a new organization to ROR: 
 
Tübingen AI Center",Tübingen AI Center,https://ror.org/0107nyd78,https://ror.org/04fq9j139,Max Planck Institute for Intelligent Systems,Parent,Production
13019,https://github.com/ror-community/ror-updates/issues/13019,"Add a new organization to ROR: 
 
Tübingen AI Center",Max Planck Institute for Intelligent Systems,https://ror.org/04fq9j139,https://ror.org/0107nyd78,Tübingen AI Center,Child,Release
13020,https://github.com/ror-community/ror-updates/issues/13020,"Add a new organization to ROR: 
 
Berlin Institute for the Foundations of Learning and Data",Berlin Institute for the Foundations of Learning and Data,https://ror.org/05dsfb086,https://ror.org/03v4gjf40,Technische Universität Berlin,Parent,Production
13020,https://github.com/ror-community/ror-updates/issues/13020,"Add a new organization to ROR: 
 
Berlin Institute for the Foundations of Learning and Data",Technische Universität Berlin,https://ror.org/03v4gjf40,https://ror.org/05dsfb086,Berlin Institute for the Foundations of Learning and Data,Child,Release
13020,https://github.com/ror-community/ror-updates/issues/13020,"Add a new organization to ROR: 
 
Berlin Institute for the Foundations of Learning and Data",Berlin Institute for the Foundations of Learning and Data,https://ror.org/05dsfb086,https://ror.org/001w7jn25,Charité - Universitätsmedizin Berlin,Parent,Production
13020,https://github.com/ror-community/ror-updates/issues/13020,"Add a new organization to ROR: 
 
Berlin Institute for the Foundations of Learning and Data",Charité - Universitätsmedizin Berlin,https://ror.org/001w7jn25,https://ror.org/05dsfb086,Berlin Institute for the Foundations of Learning and Data,Child,Release
13042,https://github.com/ror-community/ror-updates/issues/13042,"Add a new organization to ROR: 
 
CAIMed - Lower Saxony Center for AI and Causal Methods in Medicine",CAIMed - Niedersächsisches Zentrum für KI und Kausale Methoden in der Medizin,https://ror.org/04n901n71,https://ror.org/039t4wk02,L3S Research Center,Parent,Production
13042,https://github.com/ror-community/ror-updates/issues/13042,"Add a new organization to ROR: 
 
CAIMed - Lower Saxony Center for AI and Causal Methods in Medicine",L3S Research Center,https://ror.org/039t4wk02,https://ror.org/04n901n71,CAIMed - Niedersächsisches Zentrum für KI und Kausale Methoden in der Medizin,Child,Release
13042,https://github.com/ror-community/ror-updates/issues/13042,"Add a new organization to ROR: 
 
CAIMed - Lower Saxony Center for AI and Causal Methods in Medicine",CAIMed - Niedersächsisches Zentrum für KI und Kausale Methoden in der Medizin,https://ror.org/04n901n71,https://ror.org/00f2yqf98,Medizinische Hochschule Hannover,Related,Production
13042,https://github.com/ror-community/ror-updates/issues/13042,"Add a new organization to ROR: 
 
CAIMed - Lower Saxony Center for AI and Causal Methods in Medicine",Medizinische Hochschule Hannover,https://ror.org/00f2yqf98,https://ror.org/04n901n71,CAIMed - Niedersächsisches Zentrum für KI und Kausale Methoden in der Medizin,Related,Release
13042,https://github.com/ror-community/ror-updates/issues/13042,"Add a new organization to ROR: 
 
CAIMed - Lower Saxony Center for AI and Causal Methods in Medicine",CAIMed - Niedersächsisches Zentrum für KI und Kausale Methoden in der Medizin,https://ror.org/04n901n71,https://ror.org/03d0p2685,Helmholtz Centre for Infection Research,Related,Production
13042,https://github.com/ror-community/ror-updates/issues/13042,"Add a new organization to ROR: 
 
CAIMed - Lower Saxony Center for AI and Causal Methods in Medicine",Helmholtz Centre for Infection Research,https://ror.org/03d0p2685,https://ror.org/04n901n71,CAIMed - Niedersächsisches Zentrum für KI und Kausale Methoden in der Medizin,Related,Release
13042,https://github.com/ror-community/ror-updates/issues/13042,"Add a new organization to ROR: 
 
CAIMed - Lower Saxony Center for AI and Causal Methods in Medicine",CAIMed - Niedersächsisches Zentrum für KI und Kausale Methoden in der Medizin,https://ror.org/04n901n71,https://ror.org/01y9bpm73,University of Göttingen,Related,Production
13042,https://github.com/ror-community/ror-updates/issues/13042,"Add a new organization to ROR: 
 
CAIMed - Lower Saxony Center for AI and Causal Methods in Medicine",University of Göttingen,https://ror.org/01y9bpm73,https://ror.org/04n901n71,CAIMed - Niedersächsisches Zentrum für KI und Kausale Methoden in der Medizin,Related,Release
13042,https://github.com/ror-community/ror-updates/issues/13042,"Add a new organization to ROR: 
 
CAIMed - Lower Saxony Center for AI and Causal Methods in Medicine",CAIMed - Niedersächsisches Zentrum für KI und Kausale Methoden in der Medizin,https://ror.org/04n901n71,https://ror.org/021ft0n22,Universitätsmedizin Göttingen,Related,Production
13042,https://github.com/ror-community/ror-updates/issues/13042,"Add a new organization to ROR: 
 
CAIMed - Lower Saxony Center for AI and Causal Methods in Medicine",Universitätsmedizin Göttingen,https://ror.org/021ft0n22,https://ror.org/04n901n71,CAIMed - Niedersächsisches Zentrum für KI und Kausale Methoden in der Medizin,Related,Release
13041,https://github.com/ror-community/ror-updates/issues/13041,"Add a new organization to ROR: 
 
InfectControl",InfectControl,https://ror.org/03ecnj426,https://ror.org/055s37c97,Leibniz-Institut für Naturstoff-Forschung und Infektionsbiologie e. V. - Hans-Knöll-Institut (HKI),Parent,Release
13041,https://github.com/ror-community/ror-updates/issues/13041,"Add a new organization to ROR: 
 
InfectControl",Leibniz-Institut für Naturstoff-Forschung und Infektionsbiologie e. V. - Hans-Knöll-Institut (HKI),https://ror.org/055s37c97,https://ror.org/03ecnj426,InfectControl,Child,Release
13041,https://github.com/ror-community/ror-updates/issues/13041,"Add a new organization to ROR: 
 
InfectControl",InfectControl,https://ror.org/03ecnj426,https://ror.org/010nsgg66,Technische Universität Braunschweig,Related,Production
13041,https://github.com/ror-community/ror-updates/issues/13041,"Add a new organization to ROR: 
 
InfectControl",Technische Universität Braunschweig,https://ror.org/010nsgg66,https://ror.org/03ecnj426,InfectControl,Related,Release
13041,https://github.com/ror-community/ror-updates/issues/13041,"Add a new organization to ROR: 
 
InfectControl",InfectControl,https://ror.org/03ecnj426,https://ror.org/03d0p2685,Helmholtz Centre for Infection Research,Related,Production
13041,https://github.com/ror-community/ror-updates/issues/13041,"Add a new organization to ROR: 
 
InfectControl",Helmholtz Centre for Infection Research,https://ror.org/03d0p2685,https://ror.org/03ecnj426,InfectControl,Related,Release
13041,https://github.com/ror-community/ror-updates/issues/13041,"Add a new organization to ROR: 
 
InfectControl",InfectControl,https://ror.org/03ecnj426,https://ror.org/001w7jn25,Charité - Universitätsmedizin Berlin,Related,Production
13041,https://github.com/ror-community/ror-updates/issues/13041,"Add a new organization to ROR: 
 
InfectControl",Charité - Universitätsmedizin Berlin,https://ror.org/001w7jn25,https://ror.org/03ecnj426,InfectControl,Related,Release
13041,https://github.com/ror-community/ror-updates/issues/13041,"Add a new organization to ROR: 
 
InfectControl",InfectControl,https://ror.org/03ecnj426,https://ror.org/0046gcs23,Max Planck Institute for Infection Biology,Related,Production
13041,https://github.com/ror-community/ror-updates/issues/13041,"Add a new organization to ROR: 
 
InfectControl",Max Planck Institute for Infection Biology,https://ror.org/0046gcs23,https://ror.org/03ecnj426,InfectControl,Related,Release
13041,https://github.com/ror-community/ror-updates/issues/13041,"Add a new organization to ROR: 
 
InfectControl",InfectControl,https://ror.org/03ecnj426,https://ror.org/046ak2485,Freie Universität Berlin,Related,Production
13041,https://github.com/ror-community/ror-updates/issues/13041,"Add a new organization to ROR: 
 
InfectControl",Freie Universität Berlin,https://ror.org/046ak2485,https://ror.org/03ecnj426,InfectControl,Related,Release
13041,https://github.com/ror-community/ror-updates/issues/13041,"Add a new organization to ROR: 
 
InfectControl",InfectControl,https://ror.org/03ecnj426,https://ror.org/01k5qnb77,Robert Koch Institute,Related,Production
13041,https://github.com/ror-community/ror-updates/issues/13041,"Add a new organization to ROR: 
 
InfectControl",Robert Koch Institute,https://ror.org/01k5qnb77,https://ror.org/03ecnj426,InfectControl,Related,Release
13041,https://github.com/ror-community/ror-updates/issues/13041,"Add a new organization to ROR: 
 
InfectControl",InfectControl,https://ror.org/03ecnj426,https://ror.org/00r1edq15,Universität Greifswald,Related,Production
13041,https://github.com/ror-community/ror-updates/issues/13041,"Add a new organization to ROR: 
 
InfectControl",Universität Greifswald,https://ror.org/00r1edq15,https://ror.org/03ecnj426,InfectControl,Related,Release
13041,https://github.com/ror-community/ror-updates/issues/13041,"Add a new organization to ROR: 
 
InfectControl",InfectControl,https://ror.org/03ecnj426,https://ror.org/025vngs54,Universitätsmedizin Greifswald,Related,Production
13041,https://github.com/ror-community/ror-updates/issues/13041,"Add a new organization to ROR: 
 
InfectControl",Universitätsmedizin Greifswald,https://ror.org/025vngs54,https://ror.org/03ecnj426,InfectControl,Related,Release
13041,https://github.com/ror-community/ror-updates/issues/13041,"Add a new organization to ROR: 
 
InfectControl",InfectControl,https://ror.org/03ecnj426,https://ror.org/014zc6253,Institute of Marine Biotechnology,Related,Production
13041,https://github.com/ror-community/ror-updates/issues/13041,"Add a new organization to ROR: 
 
InfectControl",Institute of Marine Biotechnology,https://ror.org/014zc6253,https://ror.org/03ecnj426,InfectControl,Related,Release
13041,https://github.com/ror-community/ror-updates/issues/13041,"Add a new organization to ROR: 
 
InfectControl",InfectControl,https://ror.org/03ecnj426,https://ror.org/025fw7a54,Friedrich-Loeffler-Institut,Related,Production
13041,https://github.com/ror-community/ror-updates/issues/13041,"Add a new organization to ROR: 
 
InfectControl",Friedrich-Loeffler-Institut,https://ror.org/025fw7a54,https://ror.org/03ecnj426,InfectControl,Related,Release
13041,https://github.com/ror-community/ror-updates/issues/13041,"Add a new organization to ROR: 
 
InfectControl",InfectControl,https://ror.org/03ecnj426,https://ror.org/00fbnyb24,University of Würzburg,Related,Production
13041,https://github.com/ror-community/ror-updates/issues/13041,"Add a new organization to ROR: 
 
InfectControl",University of Würzburg,https://ror.org/00fbnyb24,https://ror.org/03ecnj426,InfectControl,Related,Release
13041,https://github.com/ror-community/ror-updates/issues/13041,"Add a new organization to ROR: 
 
InfectControl",InfectControl,https://ror.org/03ecnj426,https://ror.org/03pvr2g57,Universitätsklinikum Würzburg,Related,Production
13041,https://github.com/ror-community/ror-updates/issues/13041,"Add a new organization to ROR: 
 
InfectControl",Universitätsklinikum Würzburg,https://ror.org/03pvr2g57,https://ror.org/03ecnj426,InfectControl,Related,Release
13201,https://github.com/ror-community/ror-updates/issues/13201,"Modify the information in an existing ROR record: 
University of Washington Bothell https://ror.org/02ygzhr13
",University of Washington Bothell,https://ror.org/02ygzhr13,https://ror.org/00cvxb145,University of Washington,Parent,Production
13201,https://github.com/ror-community/ror-updates/issues/13201,"Modify the information in an existing ROR record: 
University of Washington Bothell https://ror.org/02ygzhr13
",University of Washington,https://ror.org/00cvxb145,https://ror.org/02ygzhr13,University of Washington Bothell,Child,Release
13202,https://github.com/ror-community/ror-updates/issues/13202,"Modify the information in an existing ROR record: 
University of Washington Tacoma https://ror.org/05n8t2628
",University of Washington Tacoma,https://ror.org/05n8t2628,https://ror.org/00cvxb145,University of Washington,Parent,Production
13202,https://github.com/ror-community/ror-updates/issues/13202,"Modify the information in an existing ROR record: 
University of Washington Tacoma https://ror.org/05n8t2628
",University of Washington,https://ror.org/00cvxb145,https://ror.org/05n8t2628,University of Washington Tacoma,Child,Release
13198,https://github.com/ror-community/ror-updates/issues/13198,Modify the information in an existing ROR record: Kirov Military Medical Academy - https://ror.org/035k4m812,Kirov Military Medical Academy,https://ror.org/035k4m812,https://ror.org/03ngg2631,Ministry of Defence of the Russian Federation,Parent,Production
13198,https://github.com/ror-community/ror-updates/issues/13198,Modify the information in an existing ROR record: Kirov Military Medical Academy - https://ror.org/035k4m812,Ministry of Defence of the Russian Federation,https://ror.org/03ngg2631,https://ror.org/035k4m812,Kirov Military Medical Academy,Child,Release
13195,https://github.com/ror-community/ror-updates/issues/13195,"Add a new organization to ROR: 
 
Zhongshan Ophthalmic Center, Sun Yat-sen University","Zhongshan Ophthalmic Center, Sun Yat-sen University",https://ror.org/02z2yec16,https://ror.org/0064kty71,Sun Yat-sen University,Parent,Production
13195,https://github.com/ror-community/ror-updates/issues/13195,"Add a new organization to ROR: 
 
Zhongshan Ophthalmic Center, Sun Yat-sen University",Sun Yat-sen University,https://ror.org/0064kty71,https://ror.org/02z2yec16,"Zhongshan Ophthalmic Center, Sun Yat-sen University",Child,Release
13220,https://github.com/ror-community/ror-updates/issues/13220,Add a new organization to ROR: Somerset NHS Foundation Trust,Somerset NHS Foundation Trust,https://ror.org/00abj3t43,https://ror.org/02y5f7327,Taunton & Somerset NHS Foundation Trust,Predecessor,Release
13220,https://github.com/ror-community/ror-updates/issues/13220,Add a new organization to ROR: Somerset NHS Foundation Trust,Taunton & Somerset NHS Foundation Trust,https://ror.org/02y5f7327,https://ror.org/00abj3t43,Somerset NHS Foundation Trust,Successor,Release
13220,https://github.com/ror-community/ror-updates/issues/13220,Add a new organization to ROR: Somerset NHS Foundation Trust,Somerset NHS Foundation Trust,https://ror.org/00abj3t43,https://ror.org/05jt6pc28,Somerset Partnership NHS Foundation Trust,Predecessor,Release
13220,https://github.com/ror-community/ror-updates/issues/13220,Add a new organization to ROR: Somerset NHS Foundation Trust,Somerset Partnership NHS Foundation Trust,https://ror.org/05jt6pc28,https://ror.org/00abj3t43,Somerset NHS Foundation Trust,Successor,Release
13220,https://github.com/ror-community/ror-updates/issues/13220,Add a new organization to ROR: Somerset NHS Foundation Trust,Somerset NHS Foundation Trust,https://ror.org/00abj3t43,https://ror.org/00v5nyn36,Yeovil District Hospital NHS Foundation Trust,Predecessor,Release
13220,https://github.com/ror-community/ror-updates/issues/13220,Add a new organization to ROR: Somerset NHS Foundation Trust,Yeovil District Hospital NHS Foundation Trust,https://ror.org/00v5nyn36,https://ror.org/00abj3t43,Somerset NHS Foundation Trust,Successor,Release
13236,https://github.com/ror-community/ror-updates/issues/13236,Add a new organization to ROR: STIKES Muhammadiyah Kuningan,STIKES Muhammadiyah Kuningan,https://ror.org/05rbj6w12,https://ror.org/0526wv466,Universitas Muhammadiyah Kuningan,Successor,Release
13236,https://github.com/ror-community/ror-updates/issues/13236,Add a new organization to ROR: STIKES Muhammadiyah Kuningan,Universitas Muhammadiyah Kuningan,https://ror.org/0526wv466,https://ror.org/05rbj6w12,STIKES Muhammadiyah Kuningan,Predecessor,Release
13235,https://github.com/ror-community/ror-updates/issues/13235,Add a new organization to ROR: STKIP Muhammadiyah Kuningan,STKIP Muhammadiyah Kuningan,https://ror.org/046gx1e19,https://ror.org/0526wv466,Universitas Muhammadiyah Kuningan,Successor,Release
13235,https://github.com/ror-community/ror-updates/issues/13235,Add a new organization to ROR: STKIP Muhammadiyah Kuningan,Universitas Muhammadiyah Kuningan,https://ror.org/0526wv466,https://ror.org/046gx1e19,STKIP Muhammadiyah Kuningan,Predecessor,Release
13238,https://github.com/ror-community/ror-updates/issues/13238,Add a new organization to ROR: Centre for Hydraulic Research,Centre for Hydraulic Research,https://ror.org/001rm8957,https://ror.org/01bvh8x83,Sigma Group (Czechia),Parent,Production
13238,https://github.com/ror-community/ror-updates/issues/13238,Add a new organization to ROR: Centre for Hydraulic Research,Sigma Group (Czechia),https://ror.org/01bvh8x83,https://ror.org/001rm8957,Centre for Hydraulic Research,Child,Release
13239,https://github.com/ror-community/ror-updates/issues/13239,Add a new organization to ROR: Museum of Glass and Jewellery in Jablonec nad Nisou,Museum of Glass and Jewellery in Jablonec nad Nisou,https://ror.org/01nvq4081,https://ror.org/00fxxw604,Ministry of Culture,Parent,Production
13239,https://github.com/ror-community/ror-updates/issues/13239,Add a new organization to ROR: Museum of Glass and Jewellery in Jablonec nad Nisou,Ministry of Culture,https://ror.org/00fxxw604,https://ror.org/01nvq4081,Museum of Glass and Jewellery in Jablonec nad Nisou,Child,Release
13262,https://github.com/ror-community/ror-updates/issues/13262,Modify the information in an existing ROR record: National Center for Infectious Diseases - https://ror.org/04vmke174,National Center for Infectious Diseases,https://ror.org/04vmke174,https://ror.org/02ggwpx62,National Center for Emerging and Zoonotic Infectious Diseases,Successor,Production
13262,https://github.com/ror-community/ror-updates/issues/13262,Modify the information in an existing ROR record: National Center for Infectious Diseases - https://ror.org/04vmke174,National Center for Emerging and Zoonotic Infectious Diseases,https://ror.org/02ggwpx62,https://ror.org/04vmke174,National Center for Infectious Diseases,Predecessor,Release
13274,https://github.com/ror-community/ror-updates/issues/13274,Modify the information in an existing ROR record: Laboratoire Traitement et Communication de l’Information - https://ror.org/057er4c39,Laboratoire Traitement et Communication de l’Information,https://ror.org/057er4c39,https://ror.org/025vp2923,Institut Mines-Télécom,Delete,Production
13274,https://github.com/ror-community/ror-updates/issues/13274,Modify the information in an existing ROR record: Laboratoire Traitement et Communication de l’Information - https://ror.org/057er4c39,Institut Mines-Télécom,https://ror.org/025vp2923,https://ror.org/057er4c39,Laboratoire Traitement et Communication de l’Information,Delete,Release
13274,https://github.com/ror-community/ror-updates/issues/13274,Modify the information in an existing ROR record: Laboratoire Traitement et Communication de l’Information - https://ror.org/057er4c39,Laboratoire Traitement et Communication de l’Information,https://ror.org/057er4c39,https://ror.org/01naq7912,Télécom Paris,Parent,Production
13274,https://github.com/ror-community/ror-updates/issues/13274,Modify the information in an existing ROR record: Laboratoire Traitement et Communication de l’Information - https://ror.org/057er4c39,Télécom Paris,https://ror.org/01naq7912,https://ror.org/057er4c39,Laboratoire Traitement et Communication de l’Information,Child,Release
13274,https://github.com/ror-community/ror-updates/issues/13274,Modify the information in an existing ROR record: Laboratoire Traitement et Communication de l’Information - https://ror.org/057er4c39,Laboratoire Traitement et Communication de l’Information,https://ror.org/057er4c39,https://ror.org/042tfbd02,Institut Polytechnique de Paris,Parent,Production
13274,https://github.com/ror-community/ror-updates/issues/13274,Modify the information in an existing ROR record: Laboratoire Traitement et Communication de l’Information - https://ror.org/057er4c39,Institut Polytechnique de Paris,https://ror.org/042tfbd02,https://ror.org/057er4c39,Laboratoire Traitement et Communication de l’Information,Child,Release
13277,https://github.com/ror-community/ror-updates/issues/13277,Add a new organization to ROR: Agro-écologie et intensification durable des cultures annuelles,Agro-écologie et intensification durable des cultures annuelles,https://ror.org/01hv86c27,https://ror.org/05kpkpg04,Centre de Coopération Internationale en Recherche Agronomique pour le Développement,Parent,Production
13277,https://github.com/ror-community/ror-updates/issues/13277,Add a new organization to ROR: Agro-écologie et intensification durable des cultures annuelles,Centre de Coopération Internationale en Recherche Agronomique pour le Développement,https://ror.org/05kpkpg04,https://ror.org/01hv86c27,Agro-écologie et intensification durable des cultures annuelles,Child,Release
13278,https://github.com/ror-community/ror-updates/issues/13278,"Add a new organization to ROR: Biomasse, bois, énergie, bio-produits","Biomasse, bois, énergie, bio-produits",https://ror.org/054ktxw16,https://ror.org/05kpkpg04,Centre de Coopération Internationale en Recherche Agronomique pour le Développement,Parent,Production
13278,https://github.com/ror-community/ror-updates/issues/13278,"Add a new organization to ROR: Biomasse, bois, énergie, bio-produits",Centre de Coopération Internationale en Recherche Agronomique pour le Développement,https://ror.org/05kpkpg04,https://ror.org/054ktxw16,"Biomasse, bois, énergie, bio-produits",Child,Release
13279,https://github.com/ror-community/ror-updates/issues/13279,Add a new organization to ROR: Fonctionnement écologique et gestion durable des agrosystèmes bananiers et ananas,Fonctionnement écologique et gestion durable des agrosystèmes bananiers et ananas,https://ror.org/03zhyf578,https://ror.org/05kpkpg04,Centre de Coopération Internationale en Recherche Agronomique pour le Développement,Parent,Production
13279,https://github.com/ror-community/ror-updates/issues/13279,Add a new organization to ROR: Fonctionnement écologique et gestion durable des agrosystèmes bananiers et ananas,Centre de Coopération Internationale en Recherche Agronomique pour le Développement,https://ror.org/05kpkpg04,https://ror.org/03zhyf578,Fonctionnement écologique et gestion durable des agrosystèmes bananiers et ananas,Child,Release
13280,https://github.com/ror-community/ror-updates/issues/13280,Add a new organization to ROR: Fonctionnement agroécologique et performances des systèmes de culture horticoles,Fonctionnement agroécologique et performances des systèmes de culture horticoles,https://ror.org/03x53g461,https://ror.org/05kpkpg04,Centre de Coopération Internationale en Recherche Agronomique pour le Développement,Parent,Production
13280,https://github.com/ror-community/ror-updates/issues/13280,Add a new organization to ROR: Fonctionnement agroécologique et performances des systèmes de culture horticoles,Centre de Coopération Internationale en Recherche Agronomique pour le Développement,https://ror.org/05kpkpg04,https://ror.org/03x53g461,Fonctionnement agroécologique et performances des systèmes de culture horticoles,Child,Release
13281,https://github.com/ror-community/ror-updates/issues/13281,Add a new organization to ROR: Recyclage et risque,Recyclage et risque,https://ror.org/03ze73t75,https://ror.org/05kpkpg04,Centre de Coopération Internationale en Recherche Agronomique pour le Développement,Parent,Production
13281,https://github.com/ror-community/ror-updates/issues/13281,Add a new organization to ROR: Recyclage et risque,Centre de Coopération Internationale en Recherche Agronomique pour le Développement,https://ror.org/05kpkpg04,https://ror.org/03ze73t75,Recyclage et risque,Child,Release
13282,https://github.com/ror-community/ror-updates/issues/13282,"Add a new organization to ROR: Analyses des eaux, sols et végétaux","Analyses des eaux, sols et végétaux",https://ror.org/05xk4yb78,https://ror.org/05kpkpg04,Centre de Coopération Internationale en Recherche Agronomique pour le Développement,Parent,Production
13282,https://github.com/ror-community/ror-updates/issues/13282,"Add a new organization to ROR: Analyses des eaux, sols et végétaux",Centre de Coopération Internationale en Recherche Agronomique pour le Développement,https://ror.org/05kpkpg04,https://ror.org/05xk4yb78,"Analyses des eaux, sols et végétaux",Child,Release
13286,https://github.com/ror-community/ror-updates/issues/13286,"Modify the information in an existing ROR record: Diversité, adaptation, développement des plantes - https://ror.org/02banhz78","Diversité, adaptation, développement des plantes",https://ror.org/02banhz78,https://ror.org/05kpkpg04,Centre de Coopération Internationale en Recherche Agronomique pour le Développement,Parent,Production
13286,https://github.com/ror-community/ror-updates/issues/13286,"Modify the information in an existing ROR record: Diversité, adaptation, développement des plantes - https://ror.org/02banhz78",Centre de Coopération Internationale en Recherche Agronomique pour le Développement,https://ror.org/05kpkpg04,https://ror.org/02banhz78,"Diversité, adaptation, développement des plantes",Child,Release
13294,https://github.com/ror-community/ror-updates/issues/13294,"Add a new organization to ROR: City St George's, University of London","City St George's, University of London",https://ror.org/047ybhc09,https://ror.org/04489at23,"City, University of London",Child,Production
13294,https://github.com/ror-community/ror-updates/issues/13294,"Add a new organization to ROR: City St George's, University of London","City, University of London",https://ror.org/04489at23,https://ror.org/047ybhc09,"City St George's, University of London",Parent,Release
13294,https://github.com/ror-community/ror-updates/issues/13294,"Add a new organization to ROR: City St George's, University of London","City St George's, University of London",https://ror.org/047ybhc09,https://ror.org/040f08y74,"St George's, University of London",Child,Production
13294,https://github.com/ror-community/ror-updates/issues/13294,"Add a new organization to ROR: City St George's, University of London","St George's, University of London",https://ror.org/040f08y74,https://ror.org/047ybhc09,"City St George's, University of London",Parent,Release
13300,https://github.com/ror-community/ror-updates/issues/13300,Modify the information in an existing ROR record: Ludwig-Maximilians-Universität München - https://ror.org/05591te55,Ludwig-Maximilians-Universität München,https://ror.org/05591te55,https://ror.org/045495t75,Ifo Institute for Economic Research,Delete,Production
13300,https://github.com/ror-community/ror-updates/issues/13300,Modify the information in an existing ROR record: Ludwig-Maximilians-Universität München - https://ror.org/05591te55,Ifo Institute for Economic Research,https://ror.org/045495t75,https://ror.org/05591te55,Ludwig-Maximilians-Universität München,Delete,Release
13300,https://github.com/ror-community/ror-updates/issues/13300,Modify the information in an existing ROR record: Ludwig-Maximilians-Universität München - https://ror.org/05591te55,Ludwig-Maximilians-Universität München,https://ror.org/05591te55,https://ror.org/02jet3w32,LMU Klinikum,Delete,Production
13300,https://github.com/ror-community/ror-updates/issues/13300,Modify the information in an existing ROR record: Ludwig-Maximilians-Universität München - https://ror.org/05591te55,LMU Klinikum,https://ror.org/02jet3w32,https://ror.org/05591te55,Ludwig-Maximilians-Universität München,Delete,Release
13299,https://github.com/ror-community/ror-updates/issues/13299,"Add a new organization to ROR: 
 
Jiangmen Underground Neutrino Observatory",Jiangmen Underground Neutrino Observatory,https://ror.org/0231an742,https://ror.org/03v8tnc06,Institute of High Energy Physics,Parent,Production
13299,https://github.com/ror-community/ror-updates/issues/13299,"Add a new organization to ROR: 
 
Jiangmen Underground Neutrino Observatory",Institute of High Energy Physics,https://ror.org/03v8tnc06,https://ror.org/0231an742,Jiangmen Underground Neutrino Observatory,Child,Release
13308,https://github.com/ror-community/ror-updates/issues/13308,"Add a new organization to ROR: 
 
Institute for Cultural Research of the National Academy of Arts of Ukraine",Institute for Cultural Research of the National Academy of Arts of Ukraine,https://ror.org/05d917r56,https://ror.org/01psx1920,National Academy of Arts,Parent,Production
13308,https://github.com/ror-community/ror-updates/issues/13308,"Add a new organization to ROR: 
 
Institute for Cultural Research of the National Academy of Arts of Ukraine",National Academy of Arts,https://ror.org/01psx1920,https://ror.org/05d917r56,Institute for Cultural Research of the National Academy of Arts of Ukraine,Child,Release
13314,https://github.com/ror-community/ror-updates/issues/13314,"Modify the information in an existing ROR record: 
An Giang University https://ror.org/023pm6532
",An Giang University,https://ror.org/023pm6532,https://ror.org/00waaqh38,Vietnam National University Ho Chi Minh City,Parent,Production
13314,https://github.com/ror-community/ror-updates/issues/13314,"Modify the information in an existing ROR record: 
An Giang University https://ror.org/023pm6532
",Vietnam National University Ho Chi Minh City,https://ror.org/00waaqh38,https://ror.org/023pm6532,An Giang University,Child,Release
13328,https://github.com/ror-community/ror-updates/issues/13328,Modify the information in an existing ROR record: GenCorp (United States) - https://ror.org/04zxf4256,GenCorp (United States),https://ror.org/04zxf4256,https://ror.org/05yhca997,Continental (United States),Parent,Production
13328,https://github.com/ror-community/ror-updates/issues/13328,Modify the information in an existing ROR record: GenCorp (United States) - https://ror.org/04zxf4256,Continental (United States),https://ror.org/05yhca997,https://ror.org/04zxf4256,GenCorp (United States),Child,Release
13329,https://github.com/ror-community/ror-updates/issues/13329,Add a new organization to ROR - Aerojet Rocketdyne,Aerojet Rocketdyne (United States),https://ror.org/05p76fn60,https://ror.org/05fhwtx59,L3Harris (United States),Parent,Production
13329,https://github.com/ror-community/ror-updates/issues/13329,Add a new organization to ROR - Aerojet Rocketdyne,L3Harris (United States),https://ror.org/05fhwtx59,https://ror.org/05p76fn60,Aerojet Rocketdyne (United States),Child,Release
13332,https://github.com/ror-community/ror-updates/issues/13332,Modify the information in an existing ROR record: Seiko (United States) - https://ror.org/0512cxv65,Seiko (United States),https://ror.org/0512cxv65,https://ror.org/05ykp4255,Epson (United States),Child,Production
13332,https://github.com/ror-community/ror-updates/issues/13332,Modify the information in an existing ROR record: Seiko (United States) - https://ror.org/0512cxv65,Epson (United States),https://ror.org/05ykp4255,https://ror.org/0512cxv65,Seiko (United States),Parent,Release
13351,https://github.com/ror-community/ror-updates/issues/13351,Modify the information in an existing ROR record: L-3 Communications (United States) - https://ror.org/000nwmh60,L-3 Communications (United States),https://ror.org/000nwmh60,https://ror.org/05fhwtx59,L3Harris (United States),Successor,Production
13349,https://github.com/ror-community/ror-updates/issues/13349,Modify the information in an existing ROR record: Harris (United States) - https://ror.org/01qwmf693,Harris (United States),https://ror.org/01qwmf693,https://ror.org/05fhwtx59,L3Harris (United States),Successor,Production
13348,https://github.com/ror-community/ror-updates/issues/13348,Modify the information in an existing ROR record: Nippon Steel and Sumitomo Metal (Germany) - https://ror.org/01apday90,Nippon Steel and Sumitomo Metal (Germany),https://ror.org/01apday90,https://ror.org/016vzmc05,Nippon Steel (Japan),Parent,Release
13348,https://github.com/ror-community/ror-updates/issues/13348,Modify the information in an existing ROR record: Nippon Steel and Sumitomo Metal (Germany) - https://ror.org/01apday90,Nippon Steel (Japan),https://ror.org/016vzmc05,https://ror.org/01apday90,Nippon Steel and Sumitomo Metal (Germany),Child,Release
13342,https://github.com/ror-community/ror-updates/issues/13342,"Add a new organization to ROR: 
 
General Hospital of Central Theater Command",General Hospital of Central Theater Command,https://ror.org/030ev1m28,https://ror.org/03xbe6k03,Wuhan General Hospital of Guangzhou,Predecessor,Release
13342,https://github.com/ror-community/ror-updates/issues/13342,"Add a new organization to ROR: 
 
General Hospital of Central Theater Command",Wuhan General Hospital of Guangzhou,https://ror.org/03xbe6k03,https://ror.org/030ev1m28,General Hospital of Central Theater Command,Successor,Release
13358,https://github.com/ror-community/ror-updates/issues/13358,"Add a new organization to ROR: 
 
TecNM/Instituto Tecnológico Superior de Atlixco",Instituto Tecnológico Superior de Atlixco,https://ror.org/01brjce02,https://ror.org/00davry38,Tecnológico Nacional de México,Parent,Release
13358,https://github.com/ror-community/ror-updates/issues/13358,"Add a new organization to ROR: 
 
TecNM/Instituto Tecnológico Superior de Atlixco",Tecnológico Nacional de México,https://ror.org/00davry38,https://ror.org/01brjce02,Instituto Tecnológico Superior de Atlixco,Child,Release
13368,https://github.com/ror-community/ror-updates/issues/13368,"Add a new organization to ROR: 
 
Rocky Mountain Advanced Computing Consortium",Rocky Mountain Advanced Computing Consortium,https://ror.org/019q0z051,https://ror.org/03efmqc40,Arizona State University,Related,Production
13368,https://github.com/ror-community/ror-updates/issues/13368,"Add a new organization to ROR: 
 
Rocky Mountain Advanced Computing Consortium",Arizona State University,https://ror.org/03efmqc40,https://ror.org/019q0z051,Rocky Mountain Advanced Computing Consortium,Related,Release
13368,https://github.com/ror-community/ror-updates/issues/13368,"Add a new organization to ROR: 
 
Rocky Mountain Advanced Computing Consortium",Rocky Mountain Advanced Computing Consortium,https://ror.org/019q0z051,https://ror.org/047rhhm47,Brigham Young University,Related,Production
13368,https://github.com/ror-community/ror-updates/issues/13368,"Add a new organization to ROR: 
 
Rocky Mountain Advanced Computing Consortium",Brigham Young University,https://ror.org/047rhhm47,https://ror.org/019q0z051,Rocky Mountain Advanced Computing Consortium,Related,Release
13368,https://github.com/ror-community/ror-updates/issues/13368,"Add a new organization to ROR: 
 
Rocky Mountain Advanced Computing Consortium",Rocky Mountain Advanced Computing Consortium,https://ror.org/019q0z051,https://ror.org/02e3zdp86,Boise State University,Related,Production
13368,https://github.com/ror-community/ror-updates/issues/13368,"Add a new organization to ROR: 
 
Rocky Mountain Advanced Computing Consortium",Boise State University,https://ror.org/02e3zdp86,https://ror.org/019q0z051,Rocky Mountain Advanced Computing Consortium,Related,Release
13368,https://github.com/ror-community/ror-updates/issues/13368,"Add a new organization to ROR: 
 
Rocky Mountain Advanced Computing Consortium",Rocky Mountain Advanced Computing Consortium,https://ror.org/019q0z051,https://ror.org/04raf6v53,Colorado School of Mines,Related,Production
13368,https://github.com/ror-community/ror-updates/issues/13368,"Add a new organization to ROR: 
 
Rocky Mountain Advanced Computing Consortium",Colorado School of Mines,https://ror.org/04raf6v53,https://ror.org/019q0z051,Rocky Mountain Advanced Computing Consortium,Related,Release
13368,https://github.com/ror-community/ror-updates/issues/13368,"Add a new organization to ROR: 
 
Rocky Mountain Advanced Computing Consortium",Rocky Mountain Advanced Computing Consortium,https://ror.org/019q0z051,https://ror.org/03k1gpj17,Colorado State University,Related,Production
13368,https://github.com/ror-community/ror-updates/issues/13368,"Add a new organization to ROR: 
 
Rocky Mountain Advanced Computing Consortium",Colorado State University,https://ror.org/03k1gpj17,https://ror.org/019q0z051,Rocky Mountain Advanced Computing Consortium,Related,Release
13368,https://github.com/ror-community/ror-updates/issues/13368,"Add a new organization to ROR: 
 
Rocky Mountain Advanced Computing Consortium",Rocky Mountain Advanced Computing Consortium,https://ror.org/019q0z051,https://ror.org/0451s5g67,Colorado Mesa University,Related,Production
13368,https://github.com/ror-community/ror-updates/issues/13368,"Add a new organization to ROR: 
 
Rocky Mountain Advanced Computing Consortium",Colorado Mesa University,https://ror.org/0451s5g67,https://ror.org/019q0z051,Rocky Mountain Advanced Computing Consortium,Related,Release
13368,https://github.com/ror-community/ror-updates/issues/13368,"Add a new organization to ROR: 
 
Rocky Mountain Advanced Computing Consortium",Rocky Mountain Advanced Computing Consortium,https://ror.org/019q0z051,https://ror.org/04w7skc03,University of Denver,Related,Production
13368,https://github.com/ror-community/ror-updates/issues/13368,"Add a new organization to ROR: 
 
Rocky Mountain Advanced Computing Consortium",University of Denver,https://ror.org/04w7skc03,https://ror.org/019q0z051,Rocky Mountain Advanced Computing Consortium,Related,Release
13368,https://github.com/ror-community/ror-updates/issues/13368,"Add a new organization to ROR: 
 
Rocky Mountain Advanced Computing Consortium",Rocky Mountain Advanced Computing Consortium,https://ror.org/019q0z051,https://ror.org/014kv8184,Grand Canyon University,Related,Production
13368,https://github.com/ror-community/ror-updates/issues/13368,"Add a new organization to ROR: 
 
Rocky Mountain Advanced Computing Consortium",Grand Canyon University,https://ror.org/014kv8184,https://ror.org/019q0z051,Rocky Mountain Advanced Computing Consortium,Related,Release
13368,https://github.com/ror-community/ror-updates/issues/13368,"Add a new organization to ROR: 
 
Rocky Mountain Advanced Computing Consortium",Rocky Mountain Advanced Computing Consortium,https://ror.org/019q0z051,https://ror.org/02gn3zg65,Colorado State University Pueblo,Related,Production
13368,https://github.com/ror-community/ror-updates/issues/13368,"Add a new organization to ROR: 
 
Rocky Mountain Advanced Computing Consortium",Colorado State University Pueblo,https://ror.org/02gn3zg65,https://ror.org/019q0z051,Rocky Mountain Advanced Computing Consortium,Related,Release
13368,https://github.com/ror-community/ror-updates/issues/13368,"Add a new organization to ROR: 
 
Rocky Mountain Advanced Computing Consortium",Rocky Mountain Advanced Computing Consortium,https://ror.org/019q0z051,https://ror.org/0162z8b04,Idaho State University,Related,Production
13368,https://github.com/ror-community/ror-updates/issues/13368,"Add a new organization to ROR: 
 
Rocky Mountain Advanced Computing Consortium",Idaho State University,https://ror.org/0162z8b04,https://ror.org/019q0z051,Rocky Mountain Advanced Computing Consortium,Related,Release
13368,https://github.com/ror-community/ror-updates/issues/13368,"Add a new organization to ROR: 
 
Rocky Mountain Advanced Computing Consortium",Rocky Mountain Advanced Computing Consortium,https://ror.org/019q0z051,https://ror.org/00ty2a548,Idaho National Laboratory,Related,Production
13368,https://github.com/ror-community/ror-updates/issues/13368,"Add a new organization to ROR: 
 
Rocky Mountain Advanced Computing Consortium",Idaho National Laboratory,https://ror.org/00ty2a548,https://ror.org/019q0z051,Rocky Mountain Advanced Computing Consortium,Related,Release
13368,https://github.com/ror-community/ror-updates/issues/13368,"Add a new organization to ROR: 
 
Rocky Mountain Advanced Computing Consortium",Rocky Mountain Advanced Computing Consortium,https://ror.org/019q0z051,https://ror.org/02w0trx84,Montana State University,Related,Production
13368,https://github.com/ror-community/ror-updates/issues/13368,"Add a new organization to ROR: 
 
Rocky Mountain Advanced Computing Consortium",Montana State University,https://ror.org/02w0trx84,https://ror.org/019q0z051,Rocky Mountain Advanced Computing Consortium,Related,Release
13368,https://github.com/ror-community/ror-updates/issues/13368,"Add a new organization to ROR: 
 
Rocky Mountain Advanced Computing Consortium",Rocky Mountain Advanced Computing Consortium,https://ror.org/019q0z051,https://ror.org/00hpz7z43,New Mexico State University,Related,Production
13368,https://github.com/ror-community/ror-updates/issues/13368,"Add a new organization to ROR: 
 
Rocky Mountain Advanced Computing Consortium",New Mexico State University,https://ror.org/00hpz7z43,https://ror.org/019q0z051,Rocky Mountain Advanced Computing Consortium,Related,Release
13368,https://github.com/ror-community/ror-updates/issues/13368,"Add a new organization to ROR: 
 
Rocky Mountain Advanced Computing Consortium",Rocky Mountain Advanced Computing Consortium,https://ror.org/019q0z051,https://ror.org/005p9kw61,New Mexico Institute of Mining and Technology,Related,Production
13368,https://github.com/ror-community/ror-updates/issues/13368,"Add a new organization to ROR: 
 
Rocky Mountain Advanced Computing Consortium",New Mexico Institute of Mining and Technology,https://ror.org/005p9kw61,https://ror.org/019q0z051,Rocky Mountain Advanced Computing Consortium,Related,Release
13368,https://github.com/ror-community/ror-updates/issues/13368,"Add a new organization to ROR: 
 
Rocky Mountain Advanced Computing Consortium",Rocky Mountain Advanced Computing Consortium,https://ror.org/019q0z051,https://ror.org/05cvfcr44,NSF National Center for Atmospheric Research,Related,Production
13368,https://github.com/ror-community/ror-updates/issues/13368,"Add a new organization to ROR: 
 
Rocky Mountain Advanced Computing Consortium",NSF National Center for Atmospheric Research,https://ror.org/05cvfcr44,https://ror.org/019q0z051,Rocky Mountain Advanced Computing Consortium,Related,Release
13368,https://github.com/ror-community/ror-updates/issues/13368,"Add a new organization to ROR: 
 
Rocky Mountain Advanced Computing Consortium",Rocky Mountain Advanced Computing Consortium,https://ror.org/019q0z051,https://ror.org/036266993,National Renewable Energy Laboratory,Related,Production
13368,https://github.com/ror-community/ror-updates/issues/13368,"Add a new organization to ROR: 
 
Rocky Mountain Advanced Computing Consortium",National Renewable Energy Laboratory,https://ror.org/036266993,https://ror.org/019q0z051,Rocky Mountain Advanced Computing Consortium,Related,Release
13368,https://github.com/ror-community/ror-updates/issues/13368,"Add a new organization to ROR: 
 
Rocky Mountain Advanced Computing Consortium",Rocky Mountain Advanced Computing Consortium,https://ror.org/019q0z051,https://ror.org/02z5nhe81,National Oceanic and Atmospheric Administration,Related,Production
13368,https://github.com/ror-community/ror-updates/issues/13368,"Add a new organization to ROR: 
 
Rocky Mountain Advanced Computing Consortium",National Oceanic and Atmospheric Administration,https://ror.org/02z5nhe81,https://ror.org/019q0z051,Rocky Mountain Advanced Computing Consortium,Related,Release
13368,https://github.com/ror-community/ror-updates/issues/13368,"Add a new organization to ROR: 
 
Rocky Mountain Advanced Computing Consortium",Rocky Mountain Advanced Computing Consortium,https://ror.org/019q0z051,https://ror.org/043ae9h44,Regis University,Related,Production
13368,https://github.com/ror-community/ror-updates/issues/13368,"Add a new organization to ROR: 
 
Rocky Mountain Advanced Computing Consortium",Regis University,https://ror.org/043ae9h44,https://ror.org/019q0z051,Rocky Mountain Advanced Computing Consortium,Related,Release
13368,https://github.com/ror-community/ror-updates/issues/13368,"Add a new organization to ROR: 
 
Rocky Mountain Advanced Computing Consortium",Rocky Mountain Advanced Computing Consortium,https://ror.org/019q0z051,https://ror.org/00wymkh76,Pima Community College,Related,Production
13368,https://github.com/ror-community/ror-updates/issues/13368,"Add a new organization to ROR: 
 
Rocky Mountain Advanced Computing Consortium",Pima Community College,https://ror.org/00wymkh76,https://ror.org/019q0z051,Rocky Mountain Advanced Computing Consortium,Related,Release
13368,https://github.com/ror-community/ror-updates/issues/13368,"Add a new organization to ROR: 
 
Rocky Mountain Advanced Computing Consortium",Rocky Mountain Advanced Computing Consortium,https://ror.org/019q0z051,https://ror.org/0272j5188,Northern Arizona University,Related,Production
13368,https://github.com/ror-community/ror-updates/issues/13368,"Add a new organization to ROR: 
 
Rocky Mountain Advanced Computing Consortium",Northern Arizona University,https://ror.org/0272j5188,https://ror.org/019q0z051,Rocky Mountain Advanced Computing Consortium,Related,Release
13368,https://github.com/ror-community/ror-updates/issues/13368,"Add a new organization to ROR: 
 
Rocky Mountain Advanced Computing Consortium",Rocky Mountain Advanced Computing Consortium,https://ror.org/019q0z051,https://ror.org/03wmf1y16,University of Colorado Anschutz Medical Campus,Related,Production
13368,https://github.com/ror-community/ror-updates/issues/13368,"Add a new organization to ROR: 
 
Rocky Mountain Advanced Computing Consortium",University of Colorado Anschutz Medical Campus,https://ror.org/03wmf1y16,https://ror.org/019q0z051,Rocky Mountain Advanced Computing Consortium,Related,Release
13368,https://github.com/ror-community/ror-updates/issues/13368,"Add a new organization to ROR: 
 
Rocky Mountain Advanced Computing Consortium",Rocky Mountain Advanced Computing Consortium,https://ror.org/019q0z051,https://ror.org/03m2x1q45,University of Arizona,Related,Production
13368,https://github.com/ror-community/ror-updates/issues/13368,"Add a new organization to ROR: 
 
Rocky Mountain Advanced Computing Consortium",University of Arizona,https://ror.org/03m2x1q45,https://ror.org/019q0z051,Rocky Mountain Advanced Computing Consortium,Related,Release
13368,https://github.com/ror-community/ror-updates/issues/13368,"Add a new organization to ROR: 
 
Rocky Mountain Advanced Computing Consortium",Rocky Mountain Advanced Computing Consortium,https://ror.org/019q0z051,https://ror.org/054spjc55,University of Colorado Colorado Springs,Related,Production
13368,https://github.com/ror-community/ror-updates/issues/13368,"Add a new organization to ROR: 
 
Rocky Mountain Advanced Computing Consortium",University of Colorado Colorado Springs,https://ror.org/054spjc55,https://ror.org/019q0z051,Rocky Mountain Advanced Computing Consortium,Related,Release
13368,https://github.com/ror-community/ror-updates/issues/13368,"Add a new organization to ROR: 
 
Rocky Mountain Advanced Computing Consortium",Rocky Mountain Advanced Computing Consortium,https://ror.org/019q0z051,https://ror.org/0078xmk34,University of Montana,Related,Production
13368,https://github.com/ror-community/ror-updates/issues/13368,"Add a new organization to ROR: 
 
Rocky Mountain Advanced Computing Consortium",University of Montana,https://ror.org/0078xmk34,https://ror.org/019q0z051,Rocky Mountain Advanced Computing Consortium,Related,Release
13368,https://github.com/ror-community/ror-updates/issues/13368,"Add a new organization to ROR: 
 
Rocky Mountain Advanced Computing Consortium",Rocky Mountain Advanced Computing Consortium,https://ror.org/019q0z051,https://ror.org/03hbp5t65,University of Idaho,Related,Production
13368,https://github.com/ror-community/ror-updates/issues/13368,"Add a new organization to ROR: 
 
Rocky Mountain Advanced Computing Consortium",University of Idaho,https://ror.org/03hbp5t65,https://ror.org/019q0z051,Rocky Mountain Advanced Computing Consortium,Related,Release
13368,https://github.com/ror-community/ror-updates/issues/13368,"Add a new organization to ROR: 
 
Rocky Mountain Advanced Computing Consortium",Rocky Mountain Advanced Computing Consortium,https://ror.org/019q0z051,https://ror.org/02hh7en24,University of Colorado Denver,Related,Production
13368,https://github.com/ror-community/ror-updates/issues/13368,"Add a new organization to ROR: 
 
Rocky Mountain Advanced Computing Consortium",University of Colorado Denver,https://ror.org/02hh7en24,https://ror.org/019q0z051,Rocky Mountain Advanced Computing Consortium,Related,Release
13368,https://github.com/ror-community/ror-updates/issues/13368,"Add a new organization to ROR: 
 
Rocky Mountain Advanced Computing Consortium",Rocky Mountain Advanced Computing Consortium,https://ror.org/019q0z051,https://ror.org/05fs6jp91,University of New Mexico,Related,Production
13368,https://github.com/ror-community/ror-updates/issues/13368,"Add a new organization to ROR: 
 
Rocky Mountain Advanced Computing Consortium",University of New Mexico,https://ror.org/05fs6jp91,https://ror.org/019q0z051,Rocky Mountain Advanced Computing Consortium,Related,Release
13368,https://github.com/ror-community/ror-updates/issues/13368,"Add a new organization to ROR: 
 
Rocky Mountain Advanced Computing Consortium",Rocky Mountain Advanced Computing Consortium,https://ror.org/019q0z051,https://ror.org/016bysn57,University of Northern Colorado,Related,Production
13368,https://github.com/ror-community/ror-updates/issues/13368,"Add a new organization to ROR: 
 
Rocky Mountain Advanced Computing Consortium",University of Northern Colorado,https://ror.org/016bysn57,https://ror.org/019q0z051,Rocky Mountain Advanced Computing Consortium,Related,Release
13368,https://github.com/ror-community/ror-updates/issues/13368,"Add a new organization to ROR: 
 
Rocky Mountain Advanced Computing Consortium",Rocky Mountain Advanced Computing Consortium,https://ror.org/019q0z051,https://ror.org/0406gha72,"University of Nevada, Las Vegas",Related,Production
13368,https://github.com/ror-community/ror-updates/issues/13368,"Add a new organization to ROR: 
 
Rocky Mountain Advanced Computing Consortium","University of Nevada, Las Vegas",https://ror.org/0406gha72,https://ror.org/019q0z051,Rocky Mountain Advanced Computing Consortium,Related,Release
13368,https://github.com/ror-community/ror-updates/issues/13368,"Add a new organization to ROR: 
 
Rocky Mountain Advanced Computing Consortium",Rocky Mountain Advanced Computing Consortium,https://ror.org/019q0z051,https://ror.org/03r0ha626,University of Utah,Related,Production
13368,https://github.com/ror-community/ror-updates/issues/13368,"Add a new organization to ROR: 
 
Rocky Mountain Advanced Computing Consortium",University of Utah,https://ror.org/03r0ha626,https://ror.org/019q0z051,Rocky Mountain Advanced Computing Consortium,Related,Release
13368,https://github.com/ror-community/ror-updates/issues/13368,"Add a new organization to ROR: 
 
Rocky Mountain Advanced Computing Consortium",Rocky Mountain Advanced Computing Consortium,https://ror.org/019q0z051,https://ror.org/01485tq96,University of Wyoming,Related,Production
13368,https://github.com/ror-community/ror-updates/issues/13368,"Add a new organization to ROR: 
 
Rocky Mountain Advanced Computing Consortium",University of Wyoming,https://ror.org/01485tq96,https://ror.org/019q0z051,Rocky Mountain Advanced Computing Consortium,Related,Release
13368,https://github.com/ror-community/ror-updates/issues/13368,"Add a new organization to ROR: 
 
Rocky Mountain Advanced Computing Consortium",Rocky Mountain Advanced Computing Consortium,https://ror.org/019q0z051,https://ror.org/035a68863,United States Geological Survey,Related,Production
13368,https://github.com/ror-community/ror-updates/issues/13368,"Add a new organization to ROR: 
 
Rocky Mountain Advanced Computing Consortium",United States Geological Survey,https://ror.org/035a68863,https://ror.org/019q0z051,Rocky Mountain Advanced Computing Consortium,Related,Release
13368,https://github.com/ror-community/ror-updates/issues/13368,"Add a new organization to ROR: 
 
Rocky Mountain Advanced Computing Consortium",Rocky Mountain Advanced Computing Consortium,https://ror.org/019q0z051,https://ror.org/02xs3dj23,Western Colorado University,Related,Release
13368,https://github.com/ror-community/ror-updates/issues/13368,"Add a new organization to ROR: 
 
Rocky Mountain Advanced Computing Consortium",Western Colorado University,https://ror.org/02xs3dj23,https://ror.org/019q0z051,Rocky Mountain Advanced Computing Consortium,Related,Release
13368,https://github.com/ror-community/ror-updates/issues/13368,"Add a new organization to ROR: 
 
Rocky Mountain Advanced Computing Consortium",Rocky Mountain Advanced Computing Consortium,https://ror.org/019q0z051,https://ror.org/05dk0ce17,Washington State University,Related,Production
13368,https://github.com/ror-community/ror-updates/issues/13368,"Add a new organization to ROR: 
 
Rocky Mountain Advanced Computing Consortium",Washington State University,https://ror.org/05dk0ce17,https://ror.org/019q0z051,Rocky Mountain Advanced Computing Consortium,Related,Release
13368,https://github.com/ror-community/ror-updates/issues/13368,"Add a new organization to ROR: 
 
Rocky Mountain Advanced Computing Consortium",Rocky Mountain Advanced Computing Consortium,https://ror.org/019q0z051,https://ror.org/04z557486,Arizona Western College,Related,Production
13368,https://github.com/ror-community/ror-updates/issues/13368,"Add a new organization to ROR: 
 
Rocky Mountain Advanced Computing Consortium",Arizona Western College,https://ror.org/04z557486,https://ror.org/019q0z051,Rocky Mountain Advanced Computing Consortium,Related,Release
13366,https://github.com/ror-community/ror-updates/issues/13366,"Add a new organization to ROR: 
 
NOAA Center for Earth System Sciences and Remote Sensing Technologies",NOAA Center for Earth System Sciences and Remote Sensing Technologies,https://ror.org/02jb98t16,https://ror.org/032h87485,Office of Education,Parent,Production
13366,https://github.com/ror-community/ror-updates/issues/13366,"Add a new organization to ROR: 
 
NOAA Center for Earth System Sciences and Remote Sensing Technologies",Office of Education,https://ror.org/032h87485,https://ror.org/02jb98t16,NOAA Center for Earth System Sciences and Remote Sensing Technologies,Child,Release
13366,https://github.com/ror-community/ror-updates/issues/13366,"Add a new organization to ROR: 
 
NOAA Center for Earth System Sciences and Remote Sensing Technologies",NOAA Center for Earth System Sciences and Remote Sensing Technologies,https://ror.org/02jb98t16,https://ror.org/00wmhkr98,City College of New York,Related,Production
13366,https://github.com/ror-community/ror-updates/issues/13366,"Add a new organization to ROR: 
 
NOAA Center for Earth System Sciences and Remote Sensing Technologies",City College of New York,https://ror.org/00wmhkr98,https://ror.org/02jb98t16,NOAA Center for Earth System Sciences and Remote Sensing Technologies,Related,Release
13361,https://github.com/ror-community/ror-updates/issues/13361,"Add a new organization to ROR: 
 
Phramongkutklao College of Medicine",Phramongkutklao College of Medicine,https://ror.org/04md5yc36,https://ror.org/007h1qz76,Phramongkutklao Hospital,Related,Production
13361,https://github.com/ror-community/ror-updates/issues/13361,"Add a new organization to ROR: 
 
Phramongkutklao College of Medicine",Phramongkutklao Hospital,https://ror.org/007h1qz76,https://ror.org/04md5yc36,Phramongkutklao College of Medicine,Related,Release
13373,https://github.com/ror-community/ror-updates/issues/13373,Modify the information in an existing ROR record: Reactive Innovations (United States) - https://ror.org/00q580v32,Reactive Innovations (United States),https://ror.org/00q580v32,https://ror.org/04j7dh318,Skyhaven Systems (United States),Successor,Production
13375,https://github.com/ror-community/ror-updates/issues/13375,Add a new organization to ROR: Instituto Tecnologico Superior de Misantla,Instituto Tecnologico Superior de Misantla,https://ror.org/03t5a9538,https://ror.org/00davry38,Tecnológico Nacional de México,Parent,Release
13375,https://github.com/ror-community/ror-updates/issues/13375,Add a new organization to ROR: Instituto Tecnologico Superior de Misantla,Tecnológico Nacional de México,https://ror.org/00davry38,https://ror.org/03t5a9538,Instituto Tecnologico Superior de Misantla,Child,Release
13386,https://github.com/ror-community/ror-updates/issues/13386,Modify the information in an existing ROR record: DAF Trucks (Netherlands) - https://ror.org/02ebcws13,DAF Trucks (Netherlands),https://ror.org/02ebcws13,https://ror.org/02hdxw977,Paccar (United States),Parent,Production
13386,https://github.com/ror-community/ror-updates/issues/13386,Modify the information in an existing ROR record: DAF Trucks (Netherlands) - https://ror.org/02ebcws13,Paccar (United States),https://ror.org/02hdxw977,https://ror.org/02ebcws13,DAF Trucks (Netherlands),Child,Release
13392,https://github.com/ror-community/ror-updates/issues/13392,"Add a new organization to ROR: 
 
Instituto Tecnológico Superior de Acatlán de Osorio",Instituto Tecnológico Superior de Acatlán de Osorio,https://ror.org/04zjhw235,https://ror.org/00davry38,Tecnológico Nacional de México,Parent,Release
13392,https://github.com/ror-community/ror-updates/issues/13392,"Add a new organization to ROR: 
 
Instituto Tecnológico Superior de Acatlán de Osorio",Tecnológico Nacional de México,https://ror.org/00davry38,https://ror.org/04zjhw235,Instituto Tecnológico Superior de Acatlán de Osorio,Child,Release
13397,https://github.com/ror-community/ror-updates/issues/13397,"Modify the information in an existing ROR record: 
McMurdo Dry Valleys Long Term Ecological Research https://ror.org/04r3s7465
",McMurdo Dry Valleys Long Term Ecological Research,https://ror.org/04r3s7465,https://ror.org/02w0trx84,Montana State University,Delete,Production
13397,https://github.com/ror-community/ror-updates/issues/13397,"Modify the information in an existing ROR record: 
McMurdo Dry Valleys Long Term Ecological Research https://ror.org/04r3s7465
",Montana State University,https://ror.org/02w0trx84,https://ror.org/04r3s7465,McMurdo Dry Valleys Long Term Ecological Research,Delete,Release
13397,https://github.com/ror-community/ror-updates/issues/13397,"Modify the information in an existing ROR record: 
McMurdo Dry Valleys Long Term Ecological Research https://ror.org/04r3s7465
",McMurdo Dry Valleys Long Term Ecological Research,https://ror.org/04r3s7465,https://ror.org/0524sp257,University of Bristol,Delete,Production
13397,https://github.com/ror-community/ror-updates/issues/13397,"Modify the information in an existing ROR record: 
McMurdo Dry Valleys Long Term Ecological Research https://ror.org/04r3s7465
",University of Bristol,https://ror.org/0524sp257,https://ror.org/04r3s7465,McMurdo Dry Valleys Long Term Ecological Research,Delete,Release
13397,https://github.com/ror-community/ror-updates/issues/13397,"Modify the information in an existing ROR record: 
McMurdo Dry Valleys Long Term Ecological Research https://ror.org/04r3s7465
",McMurdo Dry Valleys Long Term Ecological Research,https://ror.org/04r3s7465,https://ror.org/0272j5188,Northern Arizona University,Related,Production
13397,https://github.com/ror-community/ror-updates/issues/13397,"Modify the information in an existing ROR record: 
McMurdo Dry Valleys Long Term Ecological Research https://ror.org/04r3s7465
",Northern Arizona University,https://ror.org/0272j5188,https://ror.org/04r3s7465,McMurdo Dry Valleys Long Term Ecological Research,Related,Release
13397,https://github.com/ror-community/ror-updates/issues/13397,"Modify the information in an existing ROR record: 
McMurdo Dry Valleys Long Term Ecological Research https://ror.org/04r3s7465
",McMurdo Dry Valleys Long Term Ecological Research,https://ror.org/04r3s7465,https://ror.org/00rs6vg23,The Ohio State University,Related,Production
13397,https://github.com/ror-community/ror-updates/issues/13397,"Modify the information in an existing ROR record: 
McMurdo Dry Valleys Long Term Ecological Research https://ror.org/04r3s7465
",The Ohio State University,https://ror.org/00rs6vg23,https://ror.org/04r3s7465,McMurdo Dry Valleys Long Term Ecological Research,Related,Release
13397,https://github.com/ror-community/ror-updates/issues/13397,"Modify the information in an existing ROR record: 
McMurdo Dry Valleys Long Term Ecological Research https://ror.org/04r3s7465
",McMurdo Dry Valleys Long Term Ecological Research,https://ror.org/04r3s7465,https://ror.org/01y2jtd41,University of Wisconsin–Madison,Related,Production
13397,https://github.com/ror-community/ror-updates/issues/13397,"Modify the information in an existing ROR record: 
McMurdo Dry Valleys Long Term Ecological Research https://ror.org/04r3s7465
",University of Wisconsin–Madison,https://ror.org/01y2jtd41,https://ror.org/04r3s7465,McMurdo Dry Valleys Long Term Ecological Research,Related,Release
13397,https://github.com/ror-community/ror-updates/issues/13397,"Modify the information in an existing ROR record: 
McMurdo Dry Valleys Long Term Ecological Research https://ror.org/04r3s7465
",McMurdo Dry Valleys Long Term Ecological Research,https://ror.org/04r3s7465,https://ror.org/05p1j8758,Kansas State University,Related,Production
13397,https://github.com/ror-community/ror-updates/issues/13397,"Modify the information in an existing ROR record: 
McMurdo Dry Valleys Long Term Ecological Research https://ror.org/04r3s7465
",Kansas State University,https://ror.org/05p1j8758,https://ror.org/04r3s7465,McMurdo Dry Valleys Long Term Ecological Research,Related,Release
13396,https://github.com/ror-community/ror-updates/issues/13396,Add a new organization to ROR: Instituto Tecnológico de Ciudad Guzmán,Instituto Tecnológico de Ciudad Guzmán,https://ror.org/01d6p8r58,https://ror.org/00davry38,Tecnológico Nacional de México,Parent,Release
13396,https://github.com/ror-community/ror-updates/issues/13396,Add a new organization to ROR: Instituto Tecnológico de Ciudad Guzmán,Tecnológico Nacional de México,https://ror.org/00davry38,https://ror.org/01d6p8r58,Instituto Tecnológico de Ciudad Guzmán,Child,Release
13401,https://github.com/ror-community/ror-updates/issues/13401,Add a new organization to ROR: Lakeside University College Ghana,Lakeside University College Ghana,https://ror.org/03qn3zw06,https://ror.org/00cb23x68,Kwame Nkrumah University of Science and Technology,Related,Production
13401,https://github.com/ror-community/ror-updates/issues/13401,Add a new organization to ROR: Lakeside University College Ghana,Kwame Nkrumah University of Science and Technology,https://ror.org/00cb23x68,https://ror.org/03qn3zw06,Lakeside University College Ghana,Related,Release
13401,https://github.com/ror-community/ror-updates/issues/13401,Add a new organization to ROR: Lakeside University College Ghana,Lakeside University College Ghana,https://ror.org/03qn3zw06,https://ror.org/052nhnq73,University for Development Studies,Related,Production
13401,https://github.com/ror-community/ror-updates/issues/13401,Add a new organization to ROR: Lakeside University College Ghana,University for Development Studies,https://ror.org/052nhnq73,https://ror.org/03qn3zw06,Lakeside University College Ghana,Related,Release
13406,https://github.com/ror-community/ror-updates/issues/13406,"Add a new organization to ROR: 
 
The Fafo Institute for Labour and Social Research",The Fafo Institute for Labour and Social Research,https://ror.org/0286hg268,https://ror.org/00ee9xb13,Fafo Foundation,Parent,Production
13406,https://github.com/ror-community/ror-updates/issues/13406,"Add a new organization to ROR: 
 
The Fafo Institute for Labour and Social Research",Fafo Foundation,https://ror.org/00ee9xb13,https://ror.org/0286hg268,The Fafo Institute for Labour and Social Research,Child,Release
13420,https://github.com/ror-community/ror-updates/issues/13420,Modify the information in an existing ROR record: NGimat (United States) - https://ror.org/05p43t846,NGimat (United States),https://ror.org/05p43t846,https://ror.org/05qkm6m65,Engi-Mat (United States),Successor,Production
13356,https://github.com/ror-community/ror-updates/issues/13356,Add a new organization to ROR - Aeroflex,Aeroflex,https://ror.org/011fcvm83,https://ror.org/054ys4h04,Cobham (United Kingdom),Successor,Release
13419,https://github.com/ror-community/ror-updates/issues/13419,Modify the information in an existing ROR record: Daimler (United Kingdom) - https://ror.org/00ac5t267,Daimler (United Kingdom),https://ror.org/00ac5t267,https://ror.org/055rn2a38,Mercedes-Benz (Germany),Successor,Production
13419,https://github.com/ror-community/ror-updates/issues/13419,Modify the information in an existing ROR record: Daimler (United Kingdom) - https://ror.org/00ac5t267,Daimler (United Kingdom),https://ror.org/00ac5t267,https://ror.org/049ahjd53,Daimler Truck (Germany),Successor,Release
13418,https://github.com/ror-community/ror-updates/issues/13418,Add a new organization to ROR:  Mitsubishi Fuso Truck and Bus (Japan),Mitsubishi Fuso Truck and Bus (Japan),https://ror.org/02nayd663,https://ror.org/049ahjd53,Daimler Truck (Germany),Parent,Release
13418,https://github.com/ror-community/ror-updates/issues/13418,Add a new organization to ROR:  Mitsubishi Fuso Truck and Bus (Japan),Daimler Truck (Germany),https://ror.org/049ahjd53,https://ror.org/02nayd663,Mitsubishi Fuso Truck and Bus (Japan),Child,Release
13415,https://github.com/ror-community/ror-updates/issues/13415,Add a new organization to ROR: Mercedes-Benz (United States),Mercedes-Benz (United States),https://ror.org/04ppmte83,https://ror.org/05angxc35,Daimler (United States),Predecessor,Release
13414,https://github.com/ror-community/ror-updates/issues/13414,Add a new organization to ROR: Daimler Truck (Germany),Daimler Truck (Germany),https://ror.org/049ahjd53,https://ror.org/055rn2a38,Mercedes-Benz (Germany),Related,Production
13414,https://github.com/ror-community/ror-updates/issues/13414,Add a new organization to ROR: Daimler Truck (Germany),Mercedes-Benz (Germany),https://ror.org/055rn2a38,https://ror.org/049ahjd53,Daimler Truck (Germany),Related,Release
13414,https://github.com/ror-community/ror-updates/issues/13414,Add a new organization to ROR: Daimler Truck (Germany),Daimler Truck (Germany),https://ror.org/049ahjd53,https://ror.org/00m0j3d84,Daimler (Germany),Predecessor,Release
13411,https://github.com/ror-community/ror-updates/issues/13411,Modify the information in an existing ROR record: Daimler (Germany) - https://ror.org/00m0j3d84,Daimler (Germany),https://ror.org/00m0j3d84,https://ror.org/055rn2a38,Mercedes-Benz (Germany),Successor,Production
13416,https://github.com/ror-community/ror-updates/issues/13416,Add a new organization to ROR: Daimler Truck (United States),Daimler Truck (United States),https://ror.org/02ctt0481,https://ror.org/049ahjd53,Daimler Truck (Germany),Parent,Release
13416,https://github.com/ror-community/ror-updates/issues/13416,Add a new organization to ROR: Daimler Truck (United States),Daimler Truck (Germany),https://ror.org/049ahjd53,https://ror.org/02ctt0481,Daimler Truck (United States),Child,Release
13416,https://github.com/ror-community/ror-updates/issues/13416,Add a new organization to ROR: Daimler Truck (United States),Daimler Truck (United States),https://ror.org/02ctt0481,https://ror.org/05angxc35,Daimler (United States),Predecessor,Release
13417,https://github.com/ror-community/ror-updates/issues/13417,Add a new organization to ROR: Mercedes-Benz (Japan),Mercedes-Benz (Japan),https://ror.org/03z22t144,https://ror.org/04hc84p76,Daimler (Japan),Predecessor,Release
13417,https://github.com/ror-community/ror-updates/issues/13417,Add a new organization to ROR: Mercedes-Benz (Japan),Mercedes-Benz (Japan),https://ror.org/03z22t144,https://ror.org/055rn2a38,Mercedes-Benz (Germany),Parent,Production
13417,https://github.com/ror-community/ror-updates/issues/13417,Add a new organization to ROR: Mercedes-Benz (Japan),Mercedes-Benz (Germany),https://ror.org/055rn2a38,https://ror.org/03z22t144,Mercedes-Benz (Japan),Child,Release
13092,https://github.com/ror-community/ror-updates/issues/13092,Add a new organization to ROR: T. Rowe Price Group (United States),T. Rowe Price Group (United States),https://ror.org/0517rzt45,https://ror.org/052gyqs21,T. Rowe Price Program for Charitable Giving,Child,Production
13092,https://github.com/ror-community/ror-updates/issues/13092,Add a new organization to ROR: T. Rowe Price Group (United States),T. Rowe Price Program for Charitable Giving,https://ror.org/052gyqs21,https://ror.org/0517rzt45,T. Rowe Price Group (United States),Parent,Release
13123,https://github.com/ror-community/ror-updates/issues/13123,Add a new organization to ROR: GE Vernova (United States),GE Vernova (United States),https://ror.org/04n60x970,https://ror.org/013msgt25,General Electric (United States),Parent,Production
13123,https://github.com/ror-community/ror-updates/issues/13123,Add a new organization to ROR: GE Vernova (United States),General Electric (United States),https://ror.org/013msgt25,https://ror.org/04n60x970,GE Vernova (United States),Child,Release
12938,https://github.com/ror-community/ror-updates/issues/12938,"Add a new organization to ROR: 
 
SGS (Germany)",SGS Germany GmbH (Germany),https://ror.org/042phe474,https://ror.org/05p30rt34,SGS (Switzerland),Parent,Production
12938,https://github.com/ror-community/ror-updates/issues/12938,"Add a new organization to ROR: 
 
SGS (Germany)",SGS (Switzerland),https://ror.org/05p30rt34,https://ror.org/042phe474,SGS Germany GmbH (Germany),Child,Release
12961,https://github.com/ror-community/ror-updates/issues/12961,Add a new organization to ROR: HES-SO School of Art & Design - ECAL/Ecole cantonale d’art de Lausanne,ECAL/Ecole cantonale d'art de Lausanned’art de Lausanne,https://ror.org/03jwjxy73,https://ror.org/01xkakk17,HES-SO University of Applied Sciences and Arts Western Switzerland,Parent,Production
12961,https://github.com/ror-community/ror-updates/issues/12961,Add a new organization to ROR: HES-SO School of Art & Design - ECAL/Ecole cantonale d’art de Lausanne,HES-SO University of Applied Sciences and Arts Western Switzerland,https://ror.org/01xkakk17,https://ror.org/03jwjxy73,ECAL/Ecole cantonale d'art de Lausanned’art de Lausanne,Child,Release
12965,https://github.com/ror-community/ror-updates/issues/12965,"Add a new organization to ROR: HES-SO La Source, School of nursing",Institut et Haute Ecole de la Santé La Source,https://ror.org/02yr4wk92,https://ror.org/01xkakk17,HES-SO University of Applied Sciences and Arts Western Switzerland,Parent,Production
12965,https://github.com/ror-community/ror-updates/issues/12965,"Add a new organization to ROR: HES-SO La Source, School of nursing",HES-SO University of Applied Sciences and Arts Western Switzerland,https://ror.org/01xkakk17,https://ror.org/02yr4wk92,Institut et Haute Ecole de la Santé La Source,Child,Release
13432,https://github.com/ror-community/ror-updates/issues/13432,"Modify the information in an existing ROR record: 
Modélisation, information et systèmes https://ror.org/05w9qrp28
","Modélisation, information et systèmes",https://ror.org/05w9qrp28,https://ror.org/01gyxrk03,Université de Picardie Jules Verne,Parent,Production
13432,https://github.com/ror-community/ror-updates/issues/13432,"Modify the information in an existing ROR record: 
Modélisation, information et systèmes https://ror.org/05w9qrp28
",Université de Picardie Jules Verne,https://ror.org/01gyxrk03,https://ror.org/05w9qrp28,"Modélisation, information et systèmes",Child,Release
13430,https://github.com/ror-community/ror-updates/issues/13430,"Modify the information in an existing ROR record: 
Laboratoire de neurosciences fonctionnelles et pathologies https://ror.org/008n78156
",Laboratoire de neurosciences fonctionnelles et pathologies,https://ror.org/008n78156,https://ror.org/01gyxrk03,Université de Picardie Jules Verne,Parent,Production
13430,https://github.com/ror-community/ror-updates/issues/13430,"Modify the information in an existing ROR record: 
Laboratoire de neurosciences fonctionnelles et pathologies https://ror.org/008n78156
",Université de Picardie Jules Verne,https://ror.org/01gyxrk03,https://ror.org/008n78156,Laboratoire de neurosciences fonctionnelles et pathologies,Child,Release
13431,https://github.com/ror-community/ror-updates/issues/13431,"Modify the information in an existing ROR record: 
Centre de recherches en arts et esthétique  https://ror.org/03jt9em80
",Centre de recherches en arts et esthétique,https://ror.org/03jt9em80,https://ror.org/01gyxrk03,Université de Picardie Jules Verne,Parent,Production
13431,https://github.com/ror-community/ror-updates/issues/13431,"Modify the information in an existing ROR record: 
Centre de recherches en arts et esthétique  https://ror.org/03jt9em80
",Université de Picardie Jules Verne,https://ror.org/01gyxrk03,https://ror.org/03jt9em80,Centre de recherches en arts et esthétique,Child,Release
13434,https://github.com/ror-community/ror-updates/issues/13434,"Modify the information in an existing ROR record: 
AAU - Ambiances, Architectures, Urbanités https://ror.org/05hz99a17
","AAU - Ambiances, Architectures, Urbanités",https://ror.org/05hz99a17,https://ror.org/03gnr7b55,Nantes Université,Delete,Production
13434,https://github.com/ror-community/ror-updates/issues/13434,"Modify the information in an existing ROR record: 
AAU - Ambiances, Architectures, Urbanités https://ror.org/05hz99a17
",Nantes Université,https://ror.org/03gnr7b55,https://ror.org/05hz99a17,"AAU - Ambiances, Architectures, Urbanités",Delete,Release
13434,https://github.com/ror-community/ror-updates/issues/13434,"Modify the information in an existing ROR record: 
AAU - Ambiances, Architectures, Urbanités https://ror.org/05hz99a17
","AAU - Ambiances, Architectures, Urbanités",https://ror.org/05hz99a17,https://ror.org/03gnr7b55,Nantes Université,Related,Production
13434,https://github.com/ror-community/ror-updates/issues/13434,"Modify the information in an existing ROR record: 
AAU - Ambiances, Architectures, Urbanités https://ror.org/05hz99a17
",Nantes Université,https://ror.org/03gnr7b55,https://ror.org/05hz99a17,"AAU - Ambiances, Architectures, Urbanités",Related,Release
