html_url,html_url,names.types.ror_display,status,types,names.types.alias,names.types.label,names.types.acronym,links.type.website,links.type.wikipedia,domains,established,external_ids.type.fundref.all,external_ids.type.fundref.preferred,external_ids.type.grid.all,external_ids.type.grid.preferred,external_ids.type.isni.all,external_ids.type.isni.preferred,external_ids.type.wikidata.all,external_ids.type.wikidata.preferred,city,country,locations.geonames_id
,https://ror.org/023r2mm18,Finnish Association for Aerosol Research*en,active,other,,Finnish Association for Aerosol Research*en; Aerosolitutkimusseura*fi,,https://www.faar.fi,,faar.fi,1983,,,,,0000 0001 1497 7988,0000 0001 1497 7988,Q121598141,Q121598141,Helsinki,Finland,658225
,https://ror.org/031c62s89,Adult Education Research Society*en,active,other,,Adult Education Research Society*en; Aikuiskasvatuksen Tutkimusseura*fi; Forskningssällskapet för vuxenutbildning*sv,,https://aikuiskasvatuksentutkimusseura.fi,,aikuiskasvatuksentutkimusseura.fi,1940,,,,,,,,,Tampere,Finland,634963
,https://ror.org/058c1vz16,Acoustical Society of Finland*en,active,other,,Acoustical Society of Finland*en; Akustinen Seura*fi; Akustiska Sällskapet*sv,,https://www.akustinenseura.fi,,akustinenseura.fi,1943,,,,,,,,,Helsinki,Finland,658225
,https://ror.org/03sdr4558,"The Finnish Association for Alcohol, Drug and Gambling Research*en",active,other,"Finnish Association for Alcohol, Drug and Gambling Research*en","The Finnish Association for Alcohol, Drug and Gambling Research*en; Alkoholi-, huume- ja rahapelitutkimuksen seura ry*fi",,https://ahrseura.fi,,ahrseura.fi,1960,,,,,,,Q121598143,Q121598143,Helsinki,Finland,658225
,https://ror.org/02fbf9x60,Society for Regional and Environmental Studies*en,active,other,,Society for Regional and Environmental Studies*en; Alue- ja Ympäristötutkimuksen Seura*fi; Sällskapet för Regional- och Miljöforskning*sv,,https://www.ays.fi,,ays.fi,1970,,,,,,,Q121598317,Q121598317,Helsinki,Finland,658225
,https://ror.org/03zj2ek66,Finnish Vocational Educational Research Association (FiVERA)*en,active,other,Finnish Vocational Educational Research Association*en,Finnish Vocational Educational Research Association (FiVERA)*en; Ammatillisen koulutuksen tutkimusseura OTTU*fi,OTTU*fi,https://www.ottu.fi,,ottu.fi,1992,,,,,,,Q121598276,Q121598276,Jyväskylä,Finland,655194
,https://ror.org/03jrwss91,Anatomici Fenniae ry*fi,active,other,,Anatomici Fenniae ry*fi,,https://www.anatomicifenniae.fi,,anatomicifenniae.fi,1960,,,,,,,,,Helsinki,Finland,658225
,https://ror.org/00212nd65,Society of Finnish Archivists*en,active,other,,Society of Finnish Archivists*en; Arkistoyhdistys*fi; Arkivföreningen*sv,,https://www.arkistoyhdistys.fi,,arkistoyhdistys.fi,1947,,,,,,,,,Helsinki,Finland,658225
,https://ror.org/03x80wn88,Aue-Foundation*en,active,other,,Aue-Foundation*en; Aue-säätiö*fi; Aue-stiftelse*sv; Aue-Stiftung*de,,https://www.aue-stiftung.org,,aue-stiftung.org,1985,,,,,0000 0001 0660 6140,0000 0001 0660 6140,Q121598278,Q121598278,Helsinki,Finland,658225
,https://ror.org/04d7jwc58,Bibliothecarii Medicinae Fenniae*la,active,other,,Bibliothecarii Medicinae Fenniae*la,,https://www.bmf.fi,,bmf.fi,1980,,,,,,,,,Helsinki,Finland,658225
,https://ror.org/00dm4zp67,BirdLife Finland*en,active,other,,BirdLife Finland*en; BirdLife Suomi*en; BirdLife Finland*sv,,https://www.birdlife.fi,,birdlife.fi,1974,,,,,,,Q42709911,Q42709911,Helsinki,Finland,658225
,https://ror.org/021y79102,Finnish Society for Byzantine Studies*en,active,other,,Finnish Society for Byzantine Studies*en; Bysantin tutkimuksen seura*fi; Sällskapet för bysantinsk forskning*sv,,https://bysantintutkimus.fi,,bysantintutkimus.fi,1981,,,,,,,Q121598215,Q121598215,Helsinki,Finland,658225
,https://ror.org/045ht2717,Finnish Dendrological Society*en,active,other,,Finnish Dendrological Society*en; Dendrologian Seura*fi; Dendrologiska Sällskapet*sv,,https://www.dendrologianseura.fi,,dendrologianseura.fi,1969,,,,,,,,,Helsinki,Finland,658225
,https://ror.org/03wbhsn33,Society for Diaconia Research*en,active,other,,Society for Diaconia Research*en; Diakonian tutkimuksen seura*fi,,https://www.dts.fi,,dts.fi,2002,,,,,,,Q121598316,Q121598316,Helsinki,Finland,658225
,https://ror.org/02xbdd320,The Donner Institute for Research in Religious and Cultural History*en,active,other,Donner Institute for Research in Religious and Cultural History*en,The Donner Institute for Research in Religious and Cultural History*en; Donnerska institutet för religionshistorisk och kulturhistorisk forskning*sv; Donner-instituutti*fi,,https://www.donnerinstitute.fi,,donnerinstitute.fi,1959,,,,,,,,,Turku,Finland,633679
,https://ror.org/048apet91,Association for Progressive Policy in Finland*en,active,other,,Association for Progressive Policy in Finland*en; Edistyksellinen tiedeliitto*fi; Progressiva vetenskapsförbund*sv,,https://www.tiedeliitto.net,,tiedeliitto.net,1972,,,,,,,,,Jyväskylä,Finland,655194
,https://ror.org/04b24s476,Economic Society of Finland*en,active,other,,Economic Society of Finland*en; Taloustieteellinen yhdistys*fi; Ekonomiska Samfundet i Finland r.f.*sv,,https://www.ekonomiskasamfundet.fi,,ekonomiskasamfundet.fi,1894,,,,,,,,,Helsinki,Finland,658225
,https://ror.org/03rsftq16,Finnish Society of Food Science and Technology*en,active,other,,Finnish Society of Food Science and Technology*en; Elintarviketieteiden Seura*fi,,https://www.ets.fi,,ets.fi,1947,,,,,,,Q121598265,Q121598265,Helsinki,Finland,658225
,https://ror.org/05rqqvg04,Society for the Study of Ethnic Relations and International Migration ETMU*en,active,other,,Society for the Study of Ethnic Relations and International Migration ETMU*en; Etnisten suhteiden ja kansainvälisen muuttoliikkeen tutkimuksen seura ETMU*fi; Sällskapet för forskning i etniska relationer och internationell migration ETMU*sv,ETMU*fi,https://www.etmu.fi,,etmu.fi,2003,,,,,,,Q121598321,Q121598321,Helsinki,Finland,658225
,https://ror.org/02are1e81,Society for European Philosophy*en,active,other,,Society for European Philosophy*en; Eurooppalaisen filosofian seura*fi,,https://www.netn.fi,,netn.fi,1993,,,,,,,,,Tampere,Finland,634963
,https://ror.org/02bwf1062,"European Law Association (in Finland), FIDE Finland*en",active,other,"European Law Association, FIDE Finland*en","European Law Association (in Finland), FIDE Finland*en; Eurooppaoikeuden yhdistys*fi; Föreningen för Europarätt*sv",,https://www.fidefinland.fi,,fidefinland.fi,1983,,,,,,,,,Helsinki,Finland,658225
,https://ror.org/01a13xb70,Finnish Bone Society (FBS)*en,active,other,Finnish Bone Society*en,Finnish Bone Society (FBS)*en,FBS*fi,https://luustoliitto.fi/jäsenyhdistykset/finnish-bone-society/,,,1989,,,,,,,Q121598166,Q121598166,Helsinki,Finland,658225
,https://ror.org/03vb83t17,Chemical Society of Finland*en,active,other,,Chemical Society of Finland*en; Finska Kemistsamfundet*sv; Suomen Kemistiseura*fi,,https://www.finskakemistsamfundet.fi,,finskakemistsamfundet.fi,1891,,,,,,,,,Helsinki,Finland,658225
,https://ror.org/02d5v7338,Focus Localis ry,active,other,,Focus Localis ry,,http://www.kunnallistiede.fi,,kunnallistiede.fi,1971,,,,,,,Q121598277,Q121598277,Helsinki,Finland,658225
,https://ror.org/02tk26447,Physical Society in Finland*en,active,other,,Physical Society in Finland*en; Fysikersamfundet i Finland*sv; Suomen Fyysikkojen seura r.f.*fi,,https://www.fysikersamfundet.fi,,fysikersamfundet.fi,1947,,,,,,,Q121598308,Q121598308,Helsinki,Finland,658225
,https://ror.org/01zthxk11,Föreningen för nordisk filologi*fi,active,other,,Föreningen för nordisk filologi*fi,,https://www.fnf.fi,,fnf.fi,1932,,,,,,,,,Helsinki,Finland,658225
,https://ror.org/043b2ny75,Föreningen Granskaren r.f.*fi,active,other,,Föreningen Granskaren r.f.*fi,,https://www.finsktidskrift.fi/granskaren/,,,,,,,,,,,,Turku,Finland,633679
,https://ror.org/00ngy6m35,The Finnish Society of Geodesy and Photogrammetry*en,active,other,Finnish Society of Geodesy and Photogrammetry*en,The Finnish Society of Geodesy and Photogrammetry*en; Geodesian ja fotogrammetrian seura*fi,,,,,1931,,,,,,,,,Helsinki,Finland,658225
,https://ror.org/02en51p20,Geophysical Society of Finland*en,active,other,,Geophysical Society of Finland*en; Geofysiikan Seura*fi; Geofysiska Sällskapet*sv,,https://www.geofysiikanseura.fi,,geofysiikanseura.fi,1926,,,,,,,,,Helsinki,Finland,658225
,https://ror.org/05hj98d81,Glossa - The Society for Medieval Studies*en,active,other,,Glossa - The Society for Medieval Studies*en; Glossa - Keskiajan tutkimuksen seura*fi; Glossa - Sällskapet för medeltidsforskning*sv,,https://www.glossa.fi,,glossa.fi,1996,,,,,,,Q73379210,Q73379210,Helsinki,Finland,658225
,https://ror.org/0182x4x40,Finnish Association for Administrative Studies*en,active,other,,Finnish Association for Administrative Studies*en; Hallinnon Tutkimuksen Seura*fi; Sällskapet för förvaltningsforskning*sv,,https://www.hallinnontutkimus.fi,,hallinnontutkimus.fi,1981,,,,,0000 0000 8867 9222,0000 0000 8867 9222,Q121598139,Q121598139,Tampere,Finland,634963
,https://ror.org/02cqfj858,Ornithological Society of Helsinki and Western Uusimaa Tringa*en,active,other,,Ornithological Society of Helsinki and Western Uusimaa Tringa*en; Helsingin Seudun Lintutieteellinen Yhdistys Tringa*fi; Helsingforstraktens Ornitologiska Föreningen Tringa*sv,,https://www.tringa.fi,,tringa.fi,1974,,,,,,,Q121598302,Q121598302,Helsinki,Finland,658225
,https://ror.org/03vat4j79,Society of the Friends of History*en,active,other,,Society of the Friends of History*en; Historian Ystäväin Liitto*fi; Historievännernas Förbund*sv; Gesellschaft der Geschichtsfreunde*de; Société des Amis de l'Histoire*fr,,https://www.historianyst.fi,,historianyst.fi,1926,,,,,,,,,Helsinki,Finland,658225
,https://ror.org/021aq6016,Swedish Historical Society in Finland*en,active,other,,Swedish Historical Society in Finland*en; Historiska föreningen*fi,,https://www.historiskaforeningen.fi,,historiskaforeningen.fi,1914,,,,,,,,,Helsinki,Finland,658225
,https://ror.org/03tvsbk17,Finnish Association of Nursing Research*en,active,other,Hoitotieteiden tutkimusseura*fi,Finnish Association of Nursing Research*en; Hoitotieteiden tutkimusseura (HTTS)*fi; Sällskapet för Vårdvetenskaplig Forskning*sv,HTTS*fi,https://htts.fi,,htts.fi,1987,,,,,,,Q121598162,Q121598162,Kuopio,Finland,650224
,https://ror.org/0511hhx56,Nursing Research Foundation*en,active,other,,Nursing Research Foundation*en; Hoitotyön tutkimussäätiö*fi,,https://www.hotus.fi,,hotus.fi,1965,,,,,,,Q121598301,Q121598301,Helsinki,Finland,658225
,https://ror.org/03vttse06,The Finnish Society for Hymnology and Liturgy*en,active,other,Finnish Society for Hymnology and Liturgy*en,The Finnish Society for Hymnology and Liturgy*en; Hymnologian ja liturgiikan seura ry*fi; Sällskapet för hymnologi och liturgik*sv,,https://www.hymn.fi,,,1996,,,,,,,Q121598234,Q121598234,Helsinki,Finland,658225
,https://ror.org/03f5qhg45,Iberialais-amerikkalainen säätiö sr*fi,active,other,,Iberialais-amerikkalainen säätiö sr*fi; Iberoamerikanska stiftelsen rf*sv; Fundación Iberoamericana de Finlandia*es,,https://www.madrid.fi,,madrid.fi,1992,,,,,,,,,Helsinki,Finland,658225
,https://ror.org/02y9ntj21,ICOMOS Finnish National Committee*en,active,other,,ICOMOS Finnish National Committee*en; ICOMOSin Suomen osasto*en; ICOMOS Finska national kommitteén*sv,,https://www.icomos.fi,,icomos.fi,1967,,,,,,,,,Helsinki,Finland,658225
,https://ror.org/02twzcg73,Finnish Air Pollution Prevention Society*en,active,other,Ilmansuojeluyhdistys*fi,Finnish Air Pollution Prevention Society*en; Ilmansuojeluyhdistys (FAPPS)*fi; Luftvårdsföreningen*sv,FAPPS*fi,https://www.isy.fi,,isy.fi,1976,,,,,,,Q121598136,Q121598136,Helsinki,Finland,658225
,https://ror.org/03rqr7m89,Finnish Society for the Study of Infectious Diseases*en,active,other,,Finnish Society for the Study of Infectious Diseases*en; Infektiotautien tutkimusyhdistys*fi; Föreningen för infektionssjukdomsforskning*sv,,https://ity.yhdistysavain.fi,,ity.yhdistysavain.fi,1966,,,,,,,Q121598251,Q121598251,Helsinki,Finland,658225
,https://ror.org/05cgg2w42,Association for Informationstudies (AIS)*en,active,other,Association for Informationstudies*en; Informaatiotutkimuksen yhdistys*fi,Association for Informationstudies (AIS)*en; Informaatiotutkimuksen yhdistys (ITY)*fi; Föreningen för informationsvetenskap*sv,ITY*fi,https://informaatiotutkimus.fi,,informaatiotutkimus.fi,1979,,,,,,,,,Tampere,Finland,634963
,https://ror.org/02y363509,"International Fiscal Association, Finnish Branch*en",active,other,,"International Fiscal Association, Finnish Branch*en; International Fiscal Association, Suomen osasto*en; International Fiscal Association, Avdelning i Finland*sv",,https://www.ifafinland.fi,,ifafinland.fi,1967,,,,,,,,,Helsinki,Finland,658225
,https://ror.org/05qkhrm84,The International Society for Orthodox Church Music (ISOCM)*en,active,other,International Society for Orthodox Church Music (ISOCM)*en; International Society for Orthodox Church Music*en,The International Society for Orthodox Church Music (ISOCM)*en,ISOCM*fi,https://www.isocm.com,,isocm.com,2005,,,,,,,,,Joensuu,Finland,655808
,https://ror.org/05bvma389,Juridiska Föreningen i Finland*fi,active,other,,Juridiska Föreningen i Finland*fi; Suomen Lainopillinen Yhdistys*fi,,http://www.jff.fi,,jff.fi,1862,,,,,,,,,Helsinki,Finland,658225
,https://ror.org/02ysd5177,Jyväskylän Historiallinen Yhdistys*fi,active,other,,Jyväskylän Historiallinen Yhdistys*fi,,https://jyvaskylanhistoriallinenyhdistys.blogspot.com,,,1962,,,,,,,Q121598289,Q121598289,Jyväskylä,Finland,655194
,https://ror.org/00qme7p86,Kalevala Society*en,active,other,,Kalevala Society*en; Kalevalaseura-säätiö*fi; Kalevala Sällskapet*sv,,https://www.kalevalaseura.fi,,kalevalaseura.fi,1911,,,,,,,,,Helsinki,Finland,658225
,https://ror.org/0110z6e72,Finnish National Section of the International Institute of Administrative Sciences*en,active,other,,Finnish National Section of the International Institute of Administrative Sciences*en; Kansainvälisen Hallintotieteiden Instituutin Suomen osasto*fi; Institut International des Sciences Administratives. Section finlandaise*fr,,,,,1956,,,,,,,,,Helsinki,Finland,658225
,https://ror.org/046y57928,The Finnish Committee for Comparative Law*en,active,other,Finnish Committee of the International Association of Legal Science*en,The Finnish Committee for Comparative Law*en; Kansainvälisen oikeustieteiden yhdistyksen Suomen osasto r.y.*fi; Finska kommittén för International Association of Legal Science*sv; Comité finlandais de l'Association Internationale des Sciences Juridiques*fr,,https://blogs.helsinki.fi/iuscomparatum-finland/,,,1956,,,,,,,Q121598176,Q121598176,Helsinki,Finland,658225
,https://ror.org/022nh3q37,Finnish International Studies Association (FISA)*en,active,other,Finnish International Studies Association*en; Kansainvälisten suhteiden tutkimuksen seura*fi,Finnish International Studies Association (FISA)*en; Kansainvälisten suhteiden tutkimuksen seura (KATSE) ry*fi; Föreningen för internationella studier*sv,KATSE*fi,https://www.fisa.fi,,fisa.fi,1993,,,,,,,Q121598186,Q121598186,Helsinki,Finland,658225
,https://ror.org/0512qgw13,Karelian Theological Society*en,active,other,,Karelian Theological Society*en; Karjalan teologinen seura*fi,,https://www.karjalanteologinenseura.fi,,karjalanteologinenseura.fi,2003,,,,,,,Q121598290,Q121598290,Joensuu,Finland,655808
,https://ror.org/03h2h5e37,Finnish Karl Marx Society*en,active,other,,Finnish Karl Marx Society*en; Karl Marx -seura*fi; Karl Marx -Sällskapet i Finland*sv; Finnische Karl-Marx-Gesellschaft*de,,https://www.marxseura.fi,,marxseura.fi,1997,,,,,,,,,Helsinki,Finland,658225
,https://ror.org/05gpsb578,Plant Protection Society in Finland*en,active,other,,Plant Protection Society in Finland*en; Kasvinsuojeluseura*fi; Växtskyddsföreningen i Finland*sv; Pflanzenschutzgesellschaft in Finnland*de,,https://www.kasvinsuojeluseura.fi,,kasvinsuojeluseura.fi,1931,,,,,,,,,Helsinki,Finland,658225
,https://ror.org/001s37a48,Finnish Society for Growth and Aging Research*en,active,other,,Finnish Society for Growth and Aging Research*en; Kasvun ja vanhenemisen tutkijat*en; Föreningen för forskning i uppväxt och åldrande*sv,,https://pro.tsv.fi/kvt,,,1980,,,,,,,,,Jyväskylä,Finland,655194
,https://ror.org/005san826,Finnish Association for Business Administration*en,active,other,,Finnish Association for Business Administration*en; Kauppatieteellinen yhdistys ry*fi; Föreningen för företagsekonomisk forskning*sv,,https://kauppatieteellinenyhdistys.fi,,kauppatieteellinenyhdistys.fi,1931,,,,,,,Q121598144,Q121598144,Helsinki,Finland,658225
,https://ror.org/008dy3d28,Finnish Society for Development Studies*en,active,other,,Finnish Society for Development Studies*en; Kehitystutkimuksen seura*fi; Föreningen för utvecklingsforskning*sv,,https://www.kehitystutkimus.fi,,kehitystutkimus.fi,1986,,,,,,,Q121598222,Q121598222,Helsinki,Finland,658225
,https://ror.org/036wzr887,Finnish Society of Chemical Engineers*en,active,other,,Finnish Society of Chemical Engineers*en; Kemiallisteknillinen Yhdistys*fi; Kemisktekniska Föreningen*sv,,https://www.kty.fi,,kty.fi,1970,,,,,,,Q121598258,Q121598258,Helsinki,Finland,658225
,https://ror.org/003d4nz26,Finnish Literary Research Society*en,active,other,,Finnish Literary Research Society*en; Kirjallisuudentutkijain Seura*fi,,https://www.kirjallisuudentutkimus.fi,,kirjallisuudentutkimus.fi,1927,,,,,,,,,Helsinki,Finland,658225
,https://ror.org/05wvyr320,Classical Association of Finland*en,active,other,,Classical Association of Finland*en; Klassillis-filologinen yhdistys*fi; Klassisk-filologiska föreningen*sv; Societas Philologica Classica*la,,https://klassillisfilologinenyhdistys.wordpress.com,,,1882,,,,,,,,,Helsinki,Finland,658225
,https://ror.org/05n6mkj97,Consortium of Higher Education Researchers in Finland*en,active,other,,Consortium of Higher Education Researchers in Finland*en; Korkeakoulututkimuksen seura*fi,,https://korkeakoulututkimus.fi,,korkeakoulututkimus.fi,1999,,,,,,,,,Jyväskylä,Finland,655194
,https://ror.org/03b26fw52,Society for the Study of Finnish*en,active,other,,Society for the Study of Finnish*en; Kotikielen Seura*fi; Sällskapet för forskning i finska språket*sv; Société pour l'étude de la langue finnoise*fr; Gesellschaft für die Erforschung der finnischen Sprache*de,,https://www.kotikielenseura.fi,,kotikielenseura.fi,1876,,,,,,,,,Helsinki,Finland,658225
,https://ror.org/05y0gcs37,Finnish Society for Cultural History*en,active,other,,Finnish Society for Cultural History*en; Kulttuurihistorian seura*fi,,https://kulttuurihistoria.net,,kulttuurihistoria.net,2016,,,,,,,Q121598221,Q121598221,Turku,Finland,633679
,https://ror.org/00b8pww10,Society for Cultural Studies in Finland*en,active,other,,Society for Cultural Studies in Finland*en; Kulttuurintutkimuksen seura*fi; Sällskapet för kulturstudier i Finland*sv,,https://www.kultut.fi,,kultut.fi,2008,,,,,,,Q121598315,Q121598315,Jyväskylä,Finland,655194
,https://ror.org/01844ac84,Society for Cultural Policy Research in Finland*en,active,other,,Society for Cultural Policy Research in Finland*en; Kulttuuripolitiikan tutkimuksen seura ry*fi; Sällskapet för kulturpolitisk forskring rf*sv,,https://www.kulttuuripolitiikantutkimus.fi,,kulttuuripolitiikantutkimus.fi,2012,,,,,,,Q121598314,Q121598314,Helsinki,Finland,658225
,https://ror.org/03q7b1821,Society for Cultural Environment Studies*en,active,other,,Society for Cultural Environment Studies*en; Kulttuuriympäristötutkimuksen seura*fi; Samfundet för kulturmiljöforskning rf*sv,,https://kulttuuriymparistotutkimuksenseura.wordpress.com,,,2014,,,,,,,Q121598313,Q121598313,Helsinki,Finland,658225
,https://ror.org/03qej2h15,Finnish Association of Consumer Research*en,active,other,,Finnish Association of Consumer Research*en; Kulutustutkimuksen Seura ry*fi,,https://www.kulutustutkimus.net,,kulutustutkimus.net,2001,,,,,,,Q121598157,Q121598157,Helsinki,Finland,658225
,https://ror.org/03k4yh676,Society for Rehabilitation Research and Development*en,active,other,,"Society for Rehabilitation Research and Development*en; Kuntoutuksen tutkimus- ja kehittämisyhdistys, KUTKE ry*fi; Förening för forskning och utvecklandet av rehabilitering*sv",KUTKE*fi,https://www.kutke.fi,,kutke.fi,2003,,,,,,,Q121598318,Q121598318,Helsinki,Finland,658225
,https://ror.org/00xvhgt61,Research Society of Lapland*en,active,other,,Research Society of Lapland*en; Lapin tutkimusseura*fi,,https://www.lapintutkimusseura.fi,,lapintutkimusseura.fi,1959,,,,,,,Q121598310,Q121598310,Rovaniemi,Finland,638936
,https://ror.org/02c3t1f68,Finnish Society for Childhood Studies*en,active,other,,Finnish Society for Childhood Studies*en; Lapsuudentutkimuksen seura*fi; Finländska sällskapet för barndomsforskning*sv,,http://lapsuudentutkimus.fi,,lapsuudentutkimus.fi,2008,,,,,,,Q121598219,Q121598219,Turku,Finland,633679
,https://ror.org/04cccxk37,Finnish Association for Transport Planning*en,active,other,,"Finnish Association for Transport Planning*en; Liikennesuunnittelun Seura*fi; Föreningen för Trafikplanering*sv; Verein für Verkehrsplanning, Finnland*de",,http://www.liikennesuunnittelunseura.fi,,liikennesuunnittelunseura.fi,1974,,,,,,,Q121598153,Q121598153,Espoo,Finland,660158
,https://ror.org/01yw9vz37,Finnish Society of Sport Sciences*en,active,other,,Finnish Society of Sport Sciences*en; Liikuntatieteellinen Seura*fi; Idrottsvetenskapliga Sällskapet i Finland*sv,,https://www.lts.fi,,lts.fi,1933,,,,,,,,,Helsinki,Finland,658225
,https://ror.org/01dv35y78,Nature Conservation Society of South-West Häme*en,active,other,Lounais-Hämeen Luonnonsuojeluyhdistys*fi,Nature Conservation Society of South-West Häme*en; Lounais-Hämeen Luonnonsuojeluyhdistys (LHLY)*fi; Sydvästra Tavastlands Naturskyddsförening*sv; Naturschutzverein von Südwest-Häme*de,LHLY*fi,https://www.sll.fi/lounais-hame/,,,1951,,,,,,,,,Forssa,Finland,659935
,https://ror.org/05j7dv334,The Finnish Society for Natural Philosophy*en,active,other,Finnish Society for Natural Philosophy*en,The Finnish Society for Natural Philosophy*en; Luonnonfilosofian seura ry*fi; Finnische Gesellschaft für Naturphilosophie*de,,http://www.lfs.fi,,lfs.fi,1988,,,,,,,Q121598240,Q121598240,Helsinki,Finland,658225
,https://ror.org/05wb5sh61,Luther-Agricola Society*en,active,other,,Luther-Agricola Society*en; Luther-Agricola-Seura*fi; Luther-Agricola-sällskapet*sv; Luther-Agricola-Gesellschaft*de,,https://blogs.helsinki.fi/luther-agricola-seura/,,,1940,,,,,,,,,Helsinki,Finland,658225
,https://ror.org/00dwb8378,Finnish Society of Nuclear Medicine*en,active,other,,Finnish Society of Nuclear Medicine*en; Lääketieteellinen Radioisotooppiyhdistys*fi; Finlands Medicinska Radioisotopförening*sv,,https://www.fsnm.org,,fsnm.org,1959,,,,,,,Q120043300,Q120043300,Helsinki,Finland,658225
,https://ror.org/0178pey68,Finnish Society for Medical Physics and Medical Engineering (FSMPME)*en,active,other,Finnish Society for Medical Physics and Medical Engineering*en; Lääketieteellisen fysiikan ja tekniikan yhdistys*fi,Finnish Society for Medical Physics and Medical Engineering (FSMPME)*en; Lääketieteellisen fysiikan ja tekniikan yhdistys (LFTY)*fi; Förening för medicinsk fysik och teknik i Finland*sv,LFTY*fi,https://www.lfty.fi,,lfty.fi,1968,,,,,,,Q121598238,Q121598238,Helsinki,Finland,658225
,https://ror.org/05bjz6251,Finnish Society for Rural Research and Development*en,active,other,,Finnish Society for Rural Research and Development*en; Maaseudun uusi aika*en; Nya landbygden*sv,,https://www.mua.fi,,mua.fi,1999,,,,,,,Q121598243,Q121598243,Ilomantsi,Finland,656709
,https://ror.org/01fj9vz58,Finnish Society for Agricultural Law*en,active,other,,Finnish Society for Agricultural Law*en; Maaseutuoikeuden Seura*fi; Landsbygdsrättsliga Sällskapet*sv,,https://www.maaseutuoikeudenseura.fi,,maaseutuoikeudenseura.fi,1988,,,,,,,Q121598214,Q121598214,Helsinki,Finland,658225
,https://ror.org/0142f0814,Finnish Association of Mathematics and Science Education Research*en,active,other,,Finnish Association of Mathematics and Science Education Research*en; Matematiikan ja luonnontieteiden opetuksen tutkimusseura*fi,,https://www.protsv.fi/mlseura/,,,1983,,,,,,,Q121598158,Q121598158,Jyväskylä,Finland,655194
,https://ror.org/02ge03p30,Finnish Association of Media and Communication Studies*en,active,other,,Finnish Association of Media and Communication Studies*en; Media- ja viestintätieteellinen seura Mevi*fi; Samfundet för medie- och kommunikationsvetenskap*sv,,http://mediaviestinta.fi/blogi/seurasta/,,,1974,,,,,,,Q121598159,Q121598159,Tampere,Finland,634963
,https://ror.org/017xemh21,Finnish Society on Media Education*en,active,other,,Finnish Society on Media Education*en; Mediakasvatusseura*fi; Sällskapet för Mediefostran*sv,,https://www.mediakasvatus.fi,,mediakasvatus.fi,2005,,,,,,,,,Helsinki,Finland,658225
,https://ror.org/05d4yqg75,Finnish Society of Dairy Science*en,active,other,,Finnish Society of Dairy Science*en; Meijeritieteellinen Seura*fi,,https://www.protsv.fi/MTS,,,1937,,,,,,,Q121598263,Q121598263,Helsinki,Finland,658225
,https://ror.org/0367b3935,Finnish Forest History Society*en,active,other,,Finnish Forest History Society*en; Metsähistorian Seura*fi; Skogshistoriska Sällskapet*sv; Gesellschaft der Finnischen Forstgeschichte*de,,https://www.metsahistoria.fi,,metsahistoria.fi,1994,,,,,,,Q121598182,Q121598182,Savonlinna,Finland,637292
,https://ror.org/056femd95,The Association of Development and Research on Mental Health Care*en,active,other,Association of Development and Research on Mental Health Care*en,The Association of Development and Research on Mental Health Care*en; Mielenterveystyön kehittäminen ja tutkimus ry*fi; Förening för utveckling och forskning av mental hälsa*sv,,https://mielitutkii.fi,,mielitutkii.fi,2015,,,,,,,,,Lieto,Finland,648056
,https://ror.org/01xbygx95,Mikael Agricola -seura*fi,active,other,,Mikael Agricola -seura*fi,,https://mikaelagricolaseura.fi,,mikaelagricolaseura.fi,2006,,,,,,,Q121598296,Q121598296,Turku,Finland,633679
,https://ror.org/0157vf689,Nordenskiöld Society in Finland*en,active,other,,Nordenskiöld Society in Finland*en; Nordenskiöld-samfundet i Finland*sv,,http://www.helsinki.fi/jarj/nskiold,,,1939,,,,,,,Q121598299,Q121598299,Helsinki,Finland,658225
,https://ror.org/0462e7868,Finnish Association for Legal and Social Science*en,active,other,,Finnish Association for Legal and Social Science*en; Oikeus- ja yhteiskuntatieteellinen yhdistys*fi; Rätts- och samhällsvetenskapliga föreningen*sv,,https://www.oyy-ry.fi,,oyy-ry.fi,1970,,,,,,,Q121598147,Q121598147,Helsinki,Finland,658225
,https://ror.org/02qnhe903,The Finnish Association of Translators and Interpreters*en,active,other,Suomen kääntäjien ja tulkkien liitto SKTL*fi; Finnish Association of Translators and Interpreters*en,The Finnish Association of Translators and Interpreters*en; Suomen kääntäjien ja tulkkien liitto*fi; Lärar- och forskarsektionen*sv,,https://www.sktl.fi/liitto/jaostot/v-opettajat-ja-tutkijat/,,,1988,,,,,,,,,Helsinki,Finland,658225
,https://ror.org/036zp6g16,Historical Society in Oulu*en,active,other,,Historical Society in Oulu*en; Oulun Historiaseura*fi; Societas Historica Ouluensis*la,,https://pro.tsv.fi/oulunhistoriaseura/,,,1933,,,,,,,Q121598287,Q121598287,Oulu,Finland,643492
,https://ror.org/02wmzkm85,Historical Association of Northern Karelia*en,active,other,,Historical Association of Northern Karelia*en; Pohjois-Karjalan historiallinen yhdistys*fi,,http://pro.tsv.fi/pkhy/,,,1975,,,,,,,Q121598286,Q121598286,Joensuu,Finland,655808
,https://ror.org/00k5kwq11,Nordic Association of Agricultural Scientists Finland*en,active,other,NJF Finland*en; NJF (Nordic Association of Agricultural Scientists) Finland*en,"Nordic Association of Agricultural Scientists Finland*en; Pohjoismaiden Maataloustutkijain Yhdistys, Suomen osasto*fi; Nordiska Jordbruksforskares Förening, Finska avdelningen*sv",,https://www.njf.nu,,njf.nu,1918,,,,,,,,,Jokioinen,Finland,655692
,https://ror.org/03nr5t347,"Pohjoismaiden tie- ja liikennefoorumi (PTL), Suomen osasto*fi",active,other,"Pohjoismaiden tie- ja liikennefoorumi, Suomen osasto*fi; Nordiskt vägforum, finska avdelningen*sv","Pohjoismaiden tie- ja liikennefoorumi (PTL), Suomen osasto*fi; Nordiskt vägforum (NVF), finska avdelningen*sv",PTL*fi,https://www.nvfnorden.org,,nvfnorden.org,1935,,,,,,,,,Helsinki,Finland,658225
,https://ror.org/04cw3a069,Historical Association of Northern Finland*en,active,other,,Historical Association of Northern Finland*en; Pohjois-Suomen Historiallinen Yhdistys*fi; Norra Finlands Historiska Förening*sv,,https://www.pshy.fi,,pshy.fi,1976,,,,,,,Q121598285,Q121598285,Rovaniemi,Finland,638936
,https://ror.org/0079aq025,Geographical Society of Northern Finland*en,active,other,,Geographical Society of Northern Finland*en; Pohjois-Suomen Maantieteellinen Seura*fi,,https://www.oulu.fi/maantiede/psms,,,1963,,,,,,,Q121598281,Q121598281,Oulu,Finland,643492
,https://ror.org/004z9ct79,Finnish Society for Political Economy Research*en,active,other,,Finnish Society for Political Economy Research*en; Poliittisen talouden tutkimuksen seura*fi; Sällskapet för studier i politisk ekonomi*sv,,https://www.poliittinentalous.fi,,poliittinentalous.fi,2013,,,,,,,,,Helsinki,Finland,658225
,https://ror.org/02s578v81,Porthan-Seura*en,active,other,,Porthan-Seura*en; Porthan Sällskapet*sv,,https://www.protsv.fi/porthan-seura,,,1936,,,,,,,,,Turku,Finland,633679
,https://ror.org/02cxa6j83,The Finnish Association of Communication and Social Interaction*en,active,other,Finnish Association of Communication and Social Interaction*en,The Finnish Association of Communication and Social Interaction*en; Prologos ry*fi,,https://www.prologos.fi,,prologos.fi,1989,,,,,,,,,Jyväskylä,Finland,655194
,https://ror.org/00vedpd88,Finnish Association for Psychedelic Research*en,active,other,,Finnish Association for Psychedelic Research*en; Psykedeelitutkimusyhdistys ry*fi; Föreningen för psykedelisk vetenskap i Finland*sv,,https://psyty.fi,,psyty.fi,2016,,,,,,,,,Helsinki,Finland,658225
,https://ror.org/05ma24182,Finnish Association of Speech and Language Research*en,active,other,,Finnish Association of Speech and Language Research*en; Puheen ja kielen tutkimuksen yhdistys*fi; Finsk förening för tal- och språkforskning*sv,,https://www.puhejakieli.fi,,puhejakieli.fi,1963,,,,,,,Q121598164,Q121598164,Helsinki,Finland,658225
,https://ror.org/05dthq022,Rajapinta Association of Digital Social Sciences*en,active,other,,Rajapinta Association of Digital Social Sciences*en; Rajapinta ry - Digitaalisten yhteiskuntatieteiden yhdistys*fi; Rajapinta förening för digitala samhällsvetenskaper*sv,,https://www.rajapinta.co,,rajapinta.co,2017,,,,,,,Q121598309,Q121598309,Helsinki,Finland,658225
,https://ror.org/00pybm724,The Finnish Society of Built Environment Research*en,active,other,Finnish Society of Built Environment Research*en,The Finnish Society of Built Environment Research*en; Rakennetun Ympäristön Tutkimuksen Seura ry*fi; Finska Sällskapet för Forskning om Byggd Miljö*sv,,https://ryts.fi,,ryts.fi,1926,,,,,,,Q121598257,Q121598257,Helsinki,Finland,658225
,https://ror.org/02jx36x09,Rakennustaiteen Seura*fi,active,other,,Rakennustaiteen Seura*fi; Samfundet för byggnadskonst*sv,,https://www.rakennustaiteenseura.fi,,rakennustaiteenseura.fi,1955,,,,,,,,,Helsinki,Finland,658225
,https://ror.org/05g84qt54,Rakennustietosäätiö RTS*fi,active,other,,Building Information Foundation RTS*en; Rakennustietosäätiö RTS*fi; Bygginformationsstiftelsen RTS*sv,RTS*fi,https://www.rts.fi,,rts.fi,1972,,,,,,,,,Helsinki,Finland,658225
,https://ror.org/04wpdxp21,Finnish Association for Structural Mechanics*en,active,other,,Finnish Association for Structural Mechanics*en; Rakenteiden Mekaniikan Seura*fi; Konstruktionsmekaniska föreningen i Finland*sv; Gesellschaft für Technische Mechanik in Finnland*de,,http://rmseura.tkk.fi,,rmseura.tkk.fi,1970,,,,,,,,,Helsinki,Finland,658225
,https://ror.org/018jssn45,Saksalainen kirjastoyhdistys - Tyska biblioteksföreningen*fi,active,other,,Saksalainen kirjastoyhdistys - Tyska biblioteksföreningen*en; Deutscher Bibliotheksverein*de,,https://www.deutsche-bibliothek.org,,deutsche-bibliothek.org,1955,,,,,,,,,Helsinki,Finland,658225
,https://ror.org/02npt7q41,Finnish Connective Tissue Society*en,active,other,,Finnish Connective Tissue Society*en; Sidekudostutkijat*en; Bindvävsforskare*sv,,https://www.sidekudostutkijat.fi,,sidekudostutkijat.fi,1973,,,,,,,Q121598177,Q121598177,Helsinki,Finland,658225
,https://ror.org/01xzez183,Finnish Skeptics' Association*en,active,other,,Finnish Skeptics' Association*en; Skepsis ry*en,,https://www.skepsis.fi,,skepsis.fi,1987,,,,,,,,,Helsinki,Finland,658225
,https://ror.org/00jf9gy22,"Biochemical, Biophysical and Microbiological Society of Finland*en",active,other,,"Biochemical, Biophysical and Microbiological Society of Finland*en; Societas biochemica, biophysica et microbiologica Fenniae*en",,https://www.biobio.org,,biobio.org,1945,,,,,,,,,Helsinki,Finland,658225
,https://ror.org/050d7te68,Finnish Gerontological Society*en,active,other,,Finnish Gerontological Society*en; Societas Gerontologica Fennica*en; Finska Gerontologiska Föreningen*sv,,https://sgf.yhdistysavain.fi,,sgf.yhdistysavain.fi,1948,,,,,,,Q121598183,Q121598183,Helsinki,Finland,658225
,https://ror.org/001jpbm58,Finnish Social and Health Informatics Association*en,active,other,,Finnish Social and Health Informatics Association*en; Sosiaali- ja terveydenhuollon tietojenkäsittely -yhdistys*fi; Förening för informationsbehandling inom social- och hälsovården*sv,,https://www.stty.org,,stty.org,1974,,,,,,,Q121598213,Q121598213,Helsinki,Finland,658225
,https://ror.org/01kzmqa32,Society of Social Medicine in Finland*en,active,other,,Society of Social Medicine in Finland*en; Sosiaalilääketieteen yhdistys*fi; Socialmedicinska föreningen*sv,,https://www.socialmedicine.fi,,socialmedicine.fi,1968,,,,,,,Q121598326,Q121598326,Helsinki,Finland,658225
,https://ror.org/01te3fg67,Social Policy Association in Finland*en,active,other,,Social Policy Association in Finland*en; Sosiaalipoliittinen yhdistys*fi; Socialpolitiska föreningen*sv,,https://www.sosiaalipoliittinenyhdistys.fi,,sosiaalipoliittinenyhdistys.fi,1909,,,,,,,,,Helsinki,Finland,658225
,https://ror.org/019wcsf72,Finnish Society of Social Work Research*en,active,other,,Finnish Society of Social Work Research*en; Sosiaalityön tutkimuksen seura*fi; Föreningen för forskning i socialt arbete*sv,,https://www.sosiaalityontutkimuksenseura.fi,,sosiaalityontutkimuksenseura.fi,1998,,,,,,,Q121598269,Q121598269,Helsinki,Finland,658225
,https://ror.org/02avk1n91,The Åland Islands Peace Institute Foundation*en,active,other,Åland Islands Peace Institute Foundation*en,The Åland Islands Peace Institute Foundation*en; Stiftelsen Ålands fredsinstitut sr*fi; Ahvenanmaan rauhaninstituutti*fi,,http://www.peace.ax,,peace.ax,1992,,,,,,,,,Maarianhamina,Finland,3041732
,https://ror.org/02ny3y993,Association for Gender Studies in Finland*en,active,other,Sällskapet för genusforskning*sv,Association for Gender Studies in Finland*en; Sukupuolentutkimuksen seura*fi; Sällskapet för genusforskning (SUNS)*sv,,https://sukupuolentutkimus.fi,,sukupuolentutkimus.fi,1988,,,,,,,Q121598130,Q121598130,Helsinki,Finland,658225
,https://ror.org/059sy2c11,Finnish Lawyers' Association*en,active,other,,Finnish Lawyers' Association*en; Suomalainen Lakimiesyhdistys*fi,,https://www.lakimiesyhdistys.fi,,lakimiesyhdistys.fi,1898,,,,,,,,,Helsinki,Finland,658225
,https://ror.org/01j9kcg62,Finnish Theological Literature Society*en,active,other,,Finnish Theological Literature Society*en; Suomalainen Teologinen Kirjallisuusseura*fi; Finnische Theologische Literaturgesellschaft*de,,https://pro.tsv.fi/stksj/,,,1891,,,,,0000 0000 8525 2477,0000 0000 8525 2477,Q121598275,Q121598275,Helsinki,Finland,658225
,https://ror.org/05s40xr45,Finnish Death Studies Association*en,active,other,,Finnish Death Studies Association*en; Suomalaisen Kuolemantutkimuksen Seura ry*fi; Sällskapet för Finländsk Dödsforskning*sv,,https://kuolemantutkimus.fi,,kuolemantutkimus.fi,2011,,,,,,,,,Helsinki,Finland,658225
,https://ror.org/04zbz6283,The Finnish Chemical Society*en,active,other,Finnish Chemical Society*en,The Finnish Chemical Society*en; Suomalaisten Kemistien Seura*fi,,https://www.suomalaistenkemistienseura.fi,,suomalaistenkemistienseura.fi,1919,,,,,0000 0001 0945 8729,0000 0001 0945 8729,Q18690890,Q18690890,Helsinki,Finland,658225
,https://ror.org/05r8e2384,Finno-Ugrian Society*en,active,other,,Finno-Ugrian Society*en; Suomalais-Ugrilainen Seura*fi; Finsk-Ugriska Sällskapet*sv; Société Finno-Ougrienne*fr; Finnisch-Ugrische Gesellschaft*de; Suoma-Ugralaš Searvi*fi,,https://www.sgr.fi,,sgr.fi,1883,,,,,0000 0001 1090 6816,0000 0001 1090 6816,Q3055522,Q3055522,Helsinki,Finland,658225
,https://ror.org/048sx3416,Finnish Society for Eighteenth-Century Studies*en,active,other,,Finnish Society for Eighteenth-Century Studies*en; Suomen 1700-luvun tutkimuksen seura*fi; Finska sällskapet för 1700-talsstudier*sv; Société finlandaise d'étude du dix-huitième siècle*fr,,https://1700.fi,,1700.fi,2001,,,,,,,Q121598224,Q121598224,Helsinki,Finland,658225
,https://ror.org/04qt2fv43,Finnish Research Association for Subject Didactics*en,active,other,,Finnish Research Association for Subject Didactics*en; Suomen ainedidaktinen tutkimusseura*fi; Samfundet för Ämnesdidaktisk Forskning i Finland*sv,,https://www.ainedidaktiikka.fi,,ainedidaktiikka.fi,2011,,,,,,,Q121598211,Q121598211,Helsinki,Finland,658225
,https://ror.org/04bbst665,Brain Research Society of Finland*en,active,other,,Brain Research Society of Finland*en; Suomen Aivotutkimusseura*fi; Föreningen för hjärnforskning i Finland*sv,,https://www.brsf.org,,brsf.org,1973,,,,,,,,,Helsinki,Finland,658225
,https://ror.org/019j4rz03,Actuarial Society of Finland*en,active,other,,Actuarial Society of Finland*en; Suomen Aktuaariyhdistys ry*fi; Finlands Aktuarieförening*sv,,https://www.actuary.fi,,actuary.fi,1922,,,,,,,,,Helsinki,Finland,658225
,https://ror.org/05xv69974,Finnish Anthropological Society*en,active,other,,Finnish Anthropological Society*en; Suomen Antropologinen Seura*fi; Antropologiska Sällskapet i Finland*sv,,https://www.antropologinenseura.fi,,antropologinenseura.fi,1975,,,,,,,,,Helsinki,Finland,658225
,https://ror.org/03q9kea04,Archaeoastronomical Society of Finland*en,active,other,,Archaeoastronomical Society of Finland*en; Suomen arkeoastronominen seura ry*fi; Arkeoastronomiska sällskap i Finland rf*sv,,https://www.arkeoastronomia.fi,,arkeoastronomia.fi,2015,,,,,,,,,Helsinki,Finland,658225
,https://ror.org/00fvf0r45,Archaeological Society of Finland*en,active,other,,Archaeological Society of Finland*en; Suomen Arkeologinen Seura*fi; Arkeologiska sällskapet i Finland*sv; Finnische archäologische Gesellschaft*de,,http://www.sarks.fi,,sarks.fi,1982,,,,,,,,,Helsinki,Finland,658225
,https://ror.org/02ekjvb96,Finnish Association of Architects*en,active,other,Finlands Arkitektförbund*sv,Finnish Association of Architects*en; Suomen Arkkitehtiliitto*fi; Finlands Arkitektförbund (SAFA)*sv; Finnlands Architektenverband*de; Association des Architectes de Finlande*fr,SAFA*fi,https://www.safa.fi,,safa.fi,1892,,,,,,,,,Helsinki,Finland,658225
,https://ror.org/04p68c221,Finnish Evaluation Society (SAYFES)*en,active,other,Finnish Evaluation Society*en,Finnish Evaluation Society (SAYFES)*en; Suomen Arviointiyhdistys ry*fi,SAYFES*fi,https://www.sayfes.fi,,sayfes.fi,1999,,,,,,,Q121598181,Q121598181,Helsinki,Finland,658225
,https://ror.org/048kh8m41,Foundation of the Finnish Institute at Athens*en,active,other,,Foundation of the Finnish Institute at Athens*en; Suomen Ateenan-instituutin säätiö*fi; Stiftelsen för Finlands Atheninstitut*sv; To Idryma tou Finlandikou Institoutou Athenon*cs,,https://www.finninstitute.gr/saatio,,,1983,,,,,,,Q121598279,Q121598279,Helsinki,Finland,658225
,https://ror.org/0356g0571,Finnish Nuclear Society*en,active,other,,Finnish Nuclear Society*en; Suomen Atomiteknillinen Seura*fi; Atomtekniska Sällskapet i Finland*sv,,https://www.ats-fns.fi,,ats-fns.fi,1966,,,,,,,Q121598195,Q121598195,Helsinki,Finland,658225
,https://ror.org/008300504,Finnish Association for Modernism and Avant-garde (FAM)*en,active,other,Finnish Association for Modernism and Avant-garde*en,Finnish Association for Modernism and Avant-garde (FAM)*en; Suomen avantgarden ja modernismin seura*fi; Finlands sällskap för avantgarde och modernism*sv; La Société finlandaise d’étude de l’avantgarde et du modernisme*fr,FAM*fi,https://finnishavantgardenetwork.com,,finnishavantgardenetwork.com,2018,,,,,,,Q121598150,Q121598150,Helsinki,Finland,658225
,https://ror.org/00an8nd29,Concrete Association of Finland*en,active,other,,Concrete Association of Finland*en; Suomen Betoniyhdistys*fi; Betongföreningen i Finland*sv; Association Finlandaise du Béton*fr; Finnischer Betonverein*de,,https://www.betoniyhdistys.fi,,betoniyhdistys.fi,1925,,,,,,,Q121598133,Q121598133,Helsinki,Finland,658225
,https://ror.org/03ewzsb32,Biological Society of Finland Vanamo*en,active,other,,Biological Society of Finland Vanamo*en; Suomen Biologian Seura Vanamo*fi,,https://www.vanamo.fi,,vanamo.fi,1896,,,,,0000 0001 1087 9168,0000 0001 1087 9168,Q11900339,Q11900339,Helsinki,Finland,658225
,https://ror.org/00cexft48,Finnish Society of Biostatistics*en,active,other,,Finnish Society of Biostatistics*en; Suomen Biostatistiikan Seura*fi; Biostatistiska Föreningen i Finland*sv,,http://www.biostatistiikanseura.org,,biostatistiikanseura.org,1987,,,,,,,Q121598256,Q121598256,Helsinki,Finland,658225
,https://ror.org/05r2y6w07,Finnish Egyptological Society*en,active,other,,Finnish Egyptological Society*en; Suomen Egyptologinen Seura*fi; Egyptologiska Sällskapet i Finland*sv; Société d' Egyptologie de Finlande*fr,,https://www.egyptologinenseura.fi,,egyptologinenseura.fi,1969,,,,,,,,,Helsinki,Finland,658225
,https://ror.org/018gvvj12,Finnish Exegetical Society*en,active,other,,Finnish Exegetical Society*en; Suomen Eksegeettinen Seura*fi; Finnische Exegetische Gesellschaft*de,,https://blogs.helsinki.fi/eksegeettinen-seura/,,,1938,,,,,,,,,Helsinki,Finland,658225
,https://ror.org/05sgk3765,Finnish Society for Cinema Studies*en,active,other,,Finnish Society for Cinema Studies*en; Suomen Elokuvatutkimuksen Seura*fi; Sällskapet för Filmforskning i Finland*sv,,https://sets.wordpress.com,,,1985,,,,,,,Q121598220,Q121598220,Turku,Finland,633679
,https://ror.org/05jtaec51,Finnish Veterinary Association*en,active,other,,Finnish Veterinary Association*en; Suomen Eläinlääkäriliitto*fi; Finlands Veterinärförbund*sv,,https://www.sell.fi,,sell.fi,1892,,,,,,,,,Helsinki,Finland,658225
,https://ror.org/05j15gc95,Finnish Animal Rights Law Society*en,active,other,,Finnish Animal Rights Law Society*en; Suomen eläinoikeusjuristit ry*fi; Finlands Djurrättsjurister rf*sv,,https://elaintenvuoro.fi,,elaintenvuoro.fi,2018,,,,,,,,,Turku,Finland,633679
,https://ror.org/0426mg969,Finnish Epidemiological Society*en,active,other,,Finnish Epidemiological Society*en; Suomen epidemiologian seura*fi; Finska Epidemiologiska Sällskapet*sv,,http://www.finepi.org,,finepi.org,2000,,,,,,,Q121598179,Q121598179,Helsinki,Finland,658225
,https://ror.org/04gaaws65,Finnish Society for Aesthetics*en,active,other,,Finnish Society for Aesthetics*en; Suomen Estetiikan Seura*fi; Sällskapet för Estetik i Finland*sv,,http://www.estetiikka.fi,,estetiikka.fi,1972,,,,,,,,,Helsinki,Finland,658225
,https://ror.org/05py4xf09,Association of Finnish Ethnologists Ethnos*en,active,other,,Association of Finnish Ethnologists Ethnos*en; Suomen etnologien yhdistys Ethnos ry*fi; Finlands etnologförening Ethnos*sv,,https://www.ethnosry.org,,ethnosry.org,1972,,,,,,,,,Helsinki,Finland,658225
,https://ror.org/032drvw38,Finnish Society for Ethnomusicology*en,active,other,,Finnish Society for Ethnomusicology*en; Suomen Etnomusikologinen Seura*fi; Finska musiketnologiska sällskapet*sv,,https://www.etnomusikologia.fi,,etnomusikologia.fi,1974,,,,,,,Q121598230,Q121598230,Helsinki,Finland,658225
,https://ror.org/045vs8r92,Finnish European Studies Association*en,active,other,,Finnish European Studies Association*en; Suomen Eurooppa-tutkimuksen seura ry*fi; Finska Föreningen för Europaforskning*sv,,http://www.helsinki.fi/fesa/,,,1994,,,,,,,Q121598180,Q121598180,Helsinki,Finland,658225
,https://ror.org/0527z9404,Finnish Pharmacological Society*en,active,other,Suomen Farmakologiyhdistys*fi,Finnish Pharmacological Society*en; Suomen Farmakologiyhdistys (SFY)*fi,SFY*fi,https://www.sfy.fi,,sfy.fi,1948,,,,,,,Q121598202,Q121598202,Helsinki,Finland,658225
,https://ror.org/02hv7zh11,Finnish Pharmaceutical Society*en,active,other,,Finnish Pharmaceutical Society*en; Suomen farmaseuttinen yhdistys*fi; Farmaceutiska föreningen i Finland*sv; Pharmazeutische Gesellschaft in Finnland*de,,https://pro.tsv.fi/finpharmsociety/,,,1887,,,,,,,Q121598201,Q121598201,Helsinki,Finland,658225
,https://ror.org/00edjt083,Finnish Society for Philosophy and Phenomenological Research*en,active,other,,Finnish Society for Philosophy and Phenomenological Research*en; Suomen filosofian ja fenomenologisen tutkimuksen seura SFFS*fi; Societas philosophica et phaenomenologica Finlandiae*la; Finnische Gesellschaft für Philosophie und Phänomenologische Forschung*de,,https://www.sffs.fi,,sffs.fi,1962,,,,,,,Q121598241,Q121598241,Turku,Finland,633679
,https://ror.org/00mjajb45,Philosophical Society of Finland*en,active,other,,Philosophical Society of Finland*en; Suomen Filosofinen Yhdistys*fi; Filosofiska Föreningen i Finland*sv; Societas Philosophica Fennica*la,,https://www.filosofinenyhdistys.fi,,filosofinenyhdistys.fi,1873,,,,,,,Q121598304,Q121598304,Helsinki,Finland,658225
,https://ror.org/02vqg0r45,Photonics Finland*en,active,other,,Photonics Finland*en; Suomen fotoniikan seura*fi,,https://www.photonics.fi,,photonics.fi,1996,,,,,,,Q121598305,Q121598305,Espoo,Finland,660158
,https://ror.org/00010f167,Finnish Physiological Society*en,active,other,,Finnish Physiological Society*en; Suomen Fysiologiyhdistys*fi; Societas Physiologica Finlandiae*la,,https://sfy.yhdistysavain.fi,,sfy.yhdistysavain.fi,1961,,,,,,,Q121598204,Q121598204,Helsinki,Finland,658225
,https://ror.org/02da6vx63,Finnish Physical Society*en,active,other,,Finnish Physical Society*en; Suomen Fyysikkoseura*fi; Finlands Fysikerförening*sv,,https://www.fyysikkoseura.fi,,fyysikkoseura.fi,1947,,,,,,,Q121598203,Q121598203,Helsinki,Finland,658225
,https://ror.org/02zsazk32,Geological Society of Finland*en,active,other,,Geological Society of Finland*en; Suomen Geologinen Seura*fi; Geologiska Sällskapet i Finland*sv; Société Geologique de Finlande*fr,,https://www.geologinenseura.fi,,geologinenseura.fi,1886,,,,,,,,,Helsinki,Finland,658225
,https://ror.org/00emejf86,Pattern Recognition Society of Finland*en,active,other,,Pattern Recognition Society of Finland*en; Suomen hahmontunnistustutkimuksen seura*fi,,,,,1977,,,,,,,Q121598303,Q121598303,Helsinki,Finland,658225
,https://ror.org/01j1xrv26,Heraldry Society of Finland*en,active,other,,Heraldry Society of Finland*en; Suomen Heraldinen Seura*fi; Heraldiska Sällskapet i Finland*fi; Societas Heraldica Fennica*la; Société héraldique de la Finlande*fr; Heraldische Gesellschaft in Finnland*de,,https://www.heraldica.fi,,heraldica.fi,1957,,,,,,,Q121598283,Q121598283,Helsinki,Finland,658225
,https://ror.org/03de6xz87,The Herpetological Society of Finland*en,active,other,Herpetological Society of Finland*en,The Herpetological Society of Finland*en; Suomen herpetologinen yhdistys*fi; Finlands herpetologiska förening*sv,,https://www.herpetomania.fi,,herpetomania.fi,1992,,,,,,,Q121598284,Q121598284,Helsinki,Finland,658225
,https://ror.org/02d79fk15,Finnish Historical Society*en,active,other,,Finnish Historical Society*en; Suomen Historiallinen Seura*fi; Finska Historiska Samfundet*sv; Finnische Historische Gesellschaft*de; Societas Historica Finlandiae*la,,https://www.histseura.fi,,histseura.fi,1875,,,,,0000 0000 9318 0688,0000 0000 9318 0688,Q10495591,Q10495591,Helsinki,Finland,658225
,https://ror.org/02pfgfj27,Entomological Society of Finland*en,active,other,,Entomological Society of Finland*en; Suomen Hyönteisseura ry*fi; Entomologiska föreningen i Finland rf*sv; Societas Entomologica Fennica*la,,https://www.hyonteisseura.fi,,hyonteisseura.fi,1935,,,,,,,Q121598135,Q121598135,Helsinki,Finland,658225
,https://ror.org/04s73kb35,Finnish Inverse Problems Society (FIPS)*en,active,other,Finnish Inverse Problems Society*en,Finnish Inverse Problems Society (FIPS)*en; Suomen Inversioseura*fi,FIPS*fi,https://fips.fi,,fips.fi,1998,,,,,,,Q121598187,Q121598187,Helsinki,Finland,658225
,https://ror.org/03720mc82,Finnish Oriental Society*en,active,other,,Finnish Oriental Society*en; Suomen Itämainen Seura*fi; Finska Orientsällskapet*sv; Societas Orientalis Fennica*la,,https://www.suomenitamainenseura.org,,suomenitamainenseura.org,1917,,,,,0000 0001 2194 915X,0000 0001 2194 915X,Q3504009,Q3504009,Helsinki,Finland,658225
,https://ror.org/00z06pk85,The Finnish Society for Rock Mechanics*en,active,other,Finnish Society for Rock Mechanics*en,The Finnish Society for Rock Mechanics*en; Suomen kalliomekaniikkayhdistys ry*fi; Finska bergmekanikföreningen*sv,,https://isrm.fi,,isrm.fi,2023,,,,,,,Q121598194,Q121598194,Espoo,Finland,660158
,https://ror.org/02a4e1x23,Finnish Society of International Law*en,active,other,,Finnish Society of International Law*en; Suomen Kansainvälisoikeudellinen Seura*fi,,https://www.iusgentium.fi,,iusgentium.fi,1983,,,,,,,Q121598266,Q121598266,Helsinki,Finland,658225
,https://ror.org/01v5jen27,Finnish Folklore Society*en,active,other,,Finnish Folklore Society*en; Suomen Kansantietouden Tutkijain Seura*fi; Föreningen för finsk folklivsforskning*sv; Verein für Finnische Volkskunde*de,,https://www.kansantietoudentutkijat.fi,,kansantietoudentutkijat.fi,1937,,,,,,,Q67201763,Q67201763,Joensuu,Finland,655808
,https://ror.org/03dhypm73,Cartographic Society of Finland*en,active,other,,Cartographic Society of Finland*en; Suomen Kartografinen Seura*fi,,https://www.kartogra.fi,,kartogra.fi,1957,,,,,,,Q121598131,Q121598131,Helsinki,Finland,658225
,https://ror.org/02nyy1d43,Finnish Society for the History of Education*en,active,other,,Finnish Society for the History of Education*en; Suomen kasvatuksen ja koulutuksen historian seura*fi; Föreningen för pedagogik- och utbildningshistoria i Finland*sv,,https://www.kasvhistseura.fi,,kasvhistseura.fi,1935,,,,,,,,,Helsinki,Finland,658225
,https://ror.org/04wcsk891,Finnish Educational Research Association*en,active,other,,Finnish Educational Research Association*en; Suomen kasvatustieteellinen seura*fi; Samfundet för pedagogisk forskning i Finland*sv,,https://www.kasvatus.net,,kasvatus.net,1967,,,,,,,Q121598178,Q121598178,Helsinki,Finland,658225
,https://ror.org/039tea555,Finnish Society for Urban Studies*en,active,other,,Finnish Society for Urban Studies*en; Suomen Kaupunkitutkimuksen Seura*fi; Finländska Föreningen för Stadsforskning*sv,,https://www.kaupunkitutkimuksenseura.fi,,kaupunkitutkimuksenseura.fi,1999,,,,,,,Q121598254,Q121598254,Helsinki,Finland,658225
,https://ror.org/01zndrn87,Finnish Society for Celtic Studies*en,active,other,Finlands Keltologiska Sällskap*sv,Finnish Society for Celtic Studies*en; Suomen Keltologinen Seura*fi; Finlands Keltologiska Sällskap (SFKS)*sv,,https://sfksry.wordpress.com,,,1991,,,,,,,Q121598216,Q121598216,Helsinki,Finland,658225
,https://ror.org/00br60m67,Finnish Society for Medieval Archaeology*en,active,other,,Finnish Society for Medieval Archaeology*en; Suomen keskiajan arkeologian seura*fi; Sällskapet för medeltidsarkeologi i Finland*sv; Societas Archaeologiae Medii Aevi Finlandiae*la,,https://www.skas.fi,,skas.fi,1990,,,,,,,Q121598239,Q121598239,Turku,Finland,633679
,https://ror.org/01nrgrf58,Finnish Language Society*en,active,other,,Finnish Language Society*en; Suomen Kielen Seura*fi; Société de la langue finnoise*fr; Gesellschaft für Finnische Sprache*de,,https://www.suomenkielenseura.fi,,suomenkielenseura.fi,1929,,,,,,,Q121598190,Q121598190,Turku,Finland,633679
,https://ror.org/00wj36765,Linguistic Association of Finland*en,active,other,,Linguistic Association of Finland*en; Suomen kielitieteellinen yhdistys*fi; Språkvetenskapliga föreningen i Finland*sv,,https://www.linguistics.fi,,linguistics.fi,1977,,,,,,,,,Turku,Finland,633679
,https://ror.org/052zxv878,Finnish Association for Real Estate Valuation*en,active,other,,Finnish Association for Real Estate Valuation*en; Suomen Kiinteistöarviointiyhdistys ry*fi; Fastighetsvärderingsföreningen i Finland*sv,,https://skayry.fi,,skayry.fi,1978,,,,,,,Q121598151,Q121598151,Helsinki,Finland,658225
,https://ror.org/05f0czc43,Society for the history of book in Finland*en,active,other,,Society for the history of book in Finland*en; Suomen kirjahistoriallinen seura*fi; Bokhistoriska sällskapet i Finland*sv,,https://www.kirjahistoria.fi,,kirjahistoria.fi,1997,,,,,,,Q121598320,Q121598320,Helsinki,Finland,658225
,https://ror.org/0308ygr94,Finnish Society of Church History*en,active,other,,Finnish Society of Church History*en; Suomen kirkkohistoriallinen seura*fi; Finska kyrkohistoriska samfundetnische Gesellschaft für Kirchengeschichte*de; Societas Historiae Ecclesiasticae Fennica*la,,https://www.skhs.fi,,skhs.fi,1891,,,,,,,,,Helsinki,Finland,658225
,https://ror.org/01adp8v93,Finnish Society of Clinical Pharmacology*en,active,other,,Finnish Society of Clinical Pharmacology*en; Suomen Kliinisen Farmakologian Yhdistys*fi,,https://www.skfy.fi,,skfy.fi,1994,,,,,,,Q121598262,Q121598262,Helsinki,Finland,658225
,https://ror.org/042g71q39,Finnish Society of Clinical Chemistry*en,active,other,,Finnish Society of Clinical Chemistry*en; Suomen Kliinisen Kemian Yhdistys*fi; Föreningen för klinisk kemi i Finland*sv; Société Finlandaise de Chimie Clinique*fr,,https://www.skky.fi,,skky.fi,1946,,,,,,,Q121598261,Q121598261,Helsinki,Finland,658225
,https://ror.org/01zvb3h47,Finnish Laboratory Animal Science Association*en,active,other,,Finnish Laboratory Animal Science Association*en; Suomen koe-eläintieteen yhdistys FinLAS*fi; Finlands försöksdjurvetenskapliga förening*sv,FinLAS*fi,http://www.finlas.fi,,finlas.fi,1986,,,,,,,Q121598189,Q121598189,Helsinki,Finland,658225
,https://ror.org/02ry5rx37,Finnish Cognitive Linguistics Association*en,active,other,,Finnish Cognitive Linguistics Association*en; Suomen kognitiivisen kielentutkimuksen yhdistys FiCLA*fi; Föreningen för kognitiv lingvistik i Finland*sv,FiCLA*fi,https://www.ficla.fi,,ficla.fi,1999,,,,,,,Q121598169,Q121598169,Turku,Finland,633679
,https://ror.org/01x4grt62,Suomen Kriminalistiyhdistys*fi,active,other,,Suomen Kriminalistiyhdistys*fi; Kriminalistföreningen i Finland*sv,,https://www.kriminalistiyhdistys.fi,,kriminalistiyhdistys.fi,1934,,,,,,,Q121598327,Q121598327,Helsinki,Finland,658225
,https://ror.org/02ce3qg42,Suomen Kriminologinen yhdistys*fi,active,other,,Suomen Kriminologinen yhdistys*fi,,https://www.kriminologia.fi,,kriminologia.fi,,,,,,,,,,Helsinki,Finland,658225
,https://ror.org/016900n31,Finnish Association of Municipal Engineering*en,active,other,,Finnish Association of Municipal Engineering*en; Suomen kuntatekniikan yhdistys ry*fi; Finlands kommuntekniska förening*sv; Association finlandaise de l'amenagement technique communale*fr,,https://www.kuntatekniikka.fi,,kuntatekniikka.fi,1926,,,,,,,Q121598161,Q121598161,Helsinki,Finland,658225
,https://ror.org/028e23t32,Finnish Society for Child and Adolescent Psychiatry*en,active,other,,Finnish Society for Child and Adolescent Psychiatry*en; Suomen Lastenpsykiatriyhdistys*fi; Barnpsykiaterföreningen i Finland*sv,,https://www.lpsy.org,,lpsy.org,1956,,,,,,,Q121598217,Q121598217,Helsinki,Finland,658225
,https://ror.org/02e0qz722,Finnish Chiropterological Society*en,active,other,,Finnish Chiropterological Society*en; Suomen lepakkotieteellinen yhdistys ry*fi; Chiropterologiska föreningen i Finland rf*sv,,https://www.lepakko.fi,,lepakko.fi,2002,,,,,,,Q121598168,Q121598168,Helsinki,Finland,658225
,https://ror.org/04mz2ws95,The Finnish Association for the Study of Obesity*en,active,other,Finnish Association for the Study of Obesity*en,The Finnish Association for the Study of Obesity*en; Suomen Lihavuustutkijat ry*fi,,https://www.suomenlihavuustutkijat.fi,,suomenlihavuustutkijat.fi,1998,,,,,,,,,Helsinki,Finland,658225
,https://ror.org/03we51n78,Finnish Association for Nature Conservation*en,active,other,,Finnish Association for Nature Conservation*en; Suomen luonnonsuojeluliitto*fi; Finlands Naturskyddsförbund*sv,,https://www.sll.fi,,sll.fi,1938,,,,,,,,,Helsinki,Finland,658225
,https://ror.org/012qjvc34,Foundation of the Finnish Institute in the Middle East*en,active,other,,Foundation of the Finnish Institute in the Middle East*en; Suomen Lähi-idän instituutin säätiö*fi; Stiftelsen för Finlands Mellanösterinstitut*sv,,https://www.fimesaatio.fi,,fimesaatio.fi,1994,,,,,,,Q121598280,Q121598280,Helsinki,Finland,658225
,https://ror.org/007jfj375,Finnish Society for the History of Medicine*en,active,other,,Finnish Society for the History of Medicine*en; Suomen Lääketieteen Historian Seura*fi; Finlands Medicinhistoriska Sällskap*sv; Societas Historiae Medicinae Fennica*la,,http://www.suomenlhs.fi,,suomenlhs.fi,1961,,,,,,,Q121598247,Q121598247,Helsinki,Finland,658225
,https://ror.org/05vf7mn51,Finnish Association for Medical Law and Ethics*en,active,other,,Finnish Association for Medical Law and Ethics*en; Suomen Lääkintäoikeuden ja -etiikan Seura*fi; Sällskapet för Medicinalrätt och -etik i Finland*sv,,https://www.sloes.fi,,sloes.fi,1980,,,,,,,Q121598149,Q121598149,Helsinki,Finland,658225
,https://ror.org/03t1nty19,Geographical Society of Finland*en,active,other,,Geographical Society of Finland*en; Suomen Maantieteellinen Seura*fi; Geografiska Sällskapet i Finland*sv; Geographische Gesellschaft von Finnland*de; Société Geographique de Finlande*fr,,https://www.geography.fi,,geography.fi,1888,,,,,0000 0001 0860 5723,0000 0001 0860 5723,Q5400602,Q5400602,Helsinki,Finland,658225
,https://ror.org/00ty37a62,Finnish Society of Soil Sciences*en,active,other,,Finnish Society of Soil Sciences*en; Suomen Maaperätieteiden Seura*fi; Finska Sällskapet för Markvetenskap*sv,,https://www.maapera.fi,,maapera.fi,1971,,,,,,,Q121598271,Q121598271,Helsinki,Finland,658225
,https://ror.org/02vb91604,Scientific Agricultural Society of Finland*en,active,other,,Scientific Agricultural Society of Finland*en; Suomen Maataloustieteellinen Seura*fi; Lantbruksvetenskapliga Samfundet i Finland*sv; Agrikulturwissenschaftliche Gesellschaft in Finnland*de,,https://www.smts.fi,,smts.fi,1909,,,,,,,,,Helsinki,Finland,658225
,https://ror.org/042prw809,Finnish Mathematical Society*en,active,other,,Finnish Mathematical Society*en; Suomen matemaattinen yhdistys*fi; Finlands matematiska förening*sv,,https://www.matemaattinenyhdistys.fi,,matemaattinenyhdistys.fi,1868,,,,,0000 0004 7439 9296,0000 0004 7439 9296,Q1417959,Q1417959,Helsinki,Finland,658225
,https://ror.org/00jqhs518,Finnish Society for Tourism Research*en,active,other,,Finnish Society for Tourism Research*en; Suomen matkailututkimuksen seura ry*fi; Sällskapet för turismforskning i Finland*sv,,https://www.matkailututkimus.org,,matkailututkimus.org,2004,,,,,,,Q121598253,Q121598253,Joensuu,Finland,655808
,https://ror.org/03ymkwc92,The Maritime Archaeological Society of Finland*en,active,other,Maritime Archaeological Society of Finland*en,The Maritime Archaeological Society of Finland*en; Suomen meriarkeologinen seura*fi; Finlands marinarkeologiska sällskap*sv,,https://www.mas.fi,,mas.fi,1995,,,,,,,Q121598293,Q121598293,Helsinki,Finland,658225
,https://ror.org/03c4ktp05,Finnish Association for Maritime History*en,active,other,,Finnish Association for Maritime History*en; Suomen merihistoriallinen yhdistys*fi; Sjöhistoriska föreningen i Finland*sv; Seegeschichtliche Vereinigung Finnlands*de,,https://www.smhy.fi,,smhy.fi,1963,,,,,,,Q121598148,Q121598148,Helsinki,Finland,658225
,https://ror.org/03b8mgm73,Finnish Society of Forest Science*en,active,other,,Finnish Society of Forest Science*en; Suomen Metsätieteellinen Seura*fi; Finlands Forstvetenskapliga Samfund*sv; Forstwissenschaftliche Gesellschaft in Finnland*de; Société Finlandaise des Sciences Forestières*fr; Sociedad Científica Forestal de Finlandia*es,,https://www.metsatiede.org,,metsatiede.org,1909,,,,,,,,,Helsinki,Finland,658225
,https://ror.org/01gr0mj11,Mineralogical Society of Finland*en,active,other,,Mineralogical Society of Finland*en; Suomen Mineraloginen Seura*fi; Mineralogiska Sällskapet i Finland*sv,,https://www.suomenmineraloginenseura.fi,,suomenmineraloginenseura.fi,1957,,,,,,,,,Helsinki,Finland,658225
,https://ror.org/00n10g760,Finnish Antiquarian Society*en,active,other,,Finnish Antiquarian Society*en; Suomen Muinaismuistoyhdistys*fi; Finska Fornminnesföreningen*sv; Finnische Altertumsgesellschaft*de,,https://www.muinaismuistoyhdistys.fi,,muinaismuistoyhdistys.fi,1870,,,,,,,,,Helsinki,Finland,658225
,https://ror.org/00fpwpk34,Suomen musiikkiterapiayhdistys*fi,active,other,,Suomen musiikkiterapiayhdistys*fi,,https://www.musiikkiterapia.fi,,musiikkiterapia.fi,,,,,,,,,,Helsinki,Finland,658225
,https://ror.org/00y5gap90,Musicological Society of Finland*en,active,other,,Musicological Society of Finland*en; Suomen musiikkitieteellinen seura*fi; Musikvetenskapliga sällskapet i Finland*sv,,https://www.mtsnet.fi,,mtsnet.fi,1916,,,,,0000 0000 8499 2983,0000 0000 8499 2983,Q11895088,Q11895088,Helsinki,Finland,658225
,https://ror.org/01b1tj713,Finnish Neurological Association*en,active,other,,Finnish Neurological Association*en; Suomen neurologinen yhdistys*fi; Neurologiska Föreningen i Finland*sv,,https://www.neuro.fi,,neuro.fi,1961,,,,,,,,,Helsinki,Finland,658225
,https://ror.org/011fm0p15,Finnish Association of Adolescent Psychiatry*en,active,other,,Finnish Association of Adolescent Psychiatry*en; Suomen Nuorisopsykiatrinen yhdistys*fi; Finlands Ungdomspsykiatriska förening*sv,,http://www.nuorisopsykiatrinen-yhdistys.org,,nuorisopsykiatrinen-yhdistys.org,1977,,,,,,,,,Helsinki,Finland,658225
,https://ror.org/02rpkh424,Finnish National Section of the International Association for Philosophy of Law and Social Philosophy (IVR)*en,active,other,Finnish National Section of the International Association for Philosophy of Law and Social Philosophy*en,Finnish National Section of the International Association for Philosophy of Law and Social Philosophy (IVR)*en; Suomen oikeusfilosofinen yhdistys SOFY*fi,SOFY*fi,http://www.helsinki.fi/~sofy_ry/,,,1977,,,,,,,,,Helsinki,Finland,658225
,https://ror.org/05c50dy08,Finnish Operations Research Society (FORS)*en,active,other,Finnish Operations Research Society*en,Finnish Operations Research Society (FORS)*en; Suomen Operaatiotutkimusseura*fi,FORS*fi,https://www.operaatiotutkimus.fi,,operaatiotutkimus.fi,1973,,,,,,,,,Helsinki,Finland,658225
,https://ror.org/04bme6973,Finnish Society for the History of Science and Learning*en,active,other,,Finnish Society for the History of Science and Learning*en; Suomen Oppihistoriallinen Seura*fi; Finlands Lärdomshistoriska Samfund*sv; Societas Historiae Scientiarum Fennica*la; Finnische Gesellschaft für die Geschichte der Wissenschaften*de,,https://suomenoppihistoriallinenseura.wordpress.com,,,1966,,,,,,,Q121598249,Q121598249,Helsinki,Finland,658225
,https://ror.org/02j9f1t93,Finnish Society of Pathology*en,active,other,,Finnish Society of Pathology*en; Suomen Patologiyhdistys*fi; Finlands Patologförening*sv,,https://www.suomenpatologiyhdistys.fi,,suomenpatologiyhdistys.fi,1945,,,,,,,Q121598267,Q121598267,Helsinki,Finland,658225
,https://ror.org/02z0jg532,Finnish Patristic Society*en,active,other,,Finnish Patristic Society*en; Suomen patristinen seura ry*fi; Patristiska samfundet i Finland rf*sv; Societas Patristica Fennica*la,,https://www.suomenpatristinenseura.fi,,suomenpatristinenseura.fi,2011,,,,,0000 0004 7465 6731,0000 0004 7465 6731,Q121598197,Q121598197,Helsinki,Finland,658225
,https://ror.org/043bdvm75,The Finnish Society for Game Research*en,active,other,Finnish Society for Game Research*en,The Finnish Society for Game Research*en; Suomen pelitutkimuksen seura ry*fi,,https://www.pelitutkimus.fi,,pelitutkimus.fi,2016,,,,,,,Q121598231,Q121598231,Tampere,Finland,634963
,https://ror.org/05m2hee04,Finnish Lepidopterologist Society*en,active,other,,Finnish Lepidopterologist Society*en; Suomen Perhostutkijain Seura*fi; Lepidopterologiska Sällskapet i Finland*sv,,http://www.perhostutkijainseura.fi,,perhostutkijainseura.fi,1955,,,,,,,Q121598192,Q121598192,Helsinki,Finland,658225
,https://ror.org/03fgkeq02,Finnish Psycho-Analytical Society*en,active,other,,Finnish Psycho-Analytical Society*en; Suomen Psykoanalyyttinen Yhdistys*fi; Finska Psykoanalytiska Förening*sv,,https://www.psykoanalyysi.com,,psykoanalyysi.com,1967,,,,,,,Q121598208,Q121598208,Helsinki,Finland,658225
,https://ror.org/01cpcdq46,Finnish Psychological Society*en,active,other,,Finnish Psychological Society*en; Suomen Psykologinen Seura*fi; Finnische Gesellschaft für Psychologie*de,,http://www.psykologia.fi,,psykologia.fi,1952,,,,,,,Q121598209,Q121598209,Helsinki,Finland,658225
,https://ror.org/05ad3ge41,Society of Queer Studies in Finland*en,active,other,,Society of Queer Studies in Finland*en; Suomen Queer-tutkimuksen Seura*fi; Sällskapet för queerforskning i Finland*sv,,https://sqshome.wordpress.com,,,2004,,,,,,,Q121598323,Q121598323,Helsinki,Finland,658225
,https://ror.org/03hhba993,Finnish Association of Civil Engineers RIL*en,active,other,,Finnish Association of Civil Engineers RIL*en; Suomen Rakennusinsinöörien Liitto RIL*fi; Finlands Byggnadsingenjörsförbund RIL*sv; Verband Finnischer Bauingenieure RIL*de,RIL*fi,https://www.ril.fi,,ril.fi,1934,,,,,,,,,Helsinki,Finland,658225
,https://ror.org/01fp3d161,Finnish Peace Research Association*en,active,other,,Finnish Peace Research Association*en; Suomen rauhantutkimusyhdistys ry*fi; Föreningen för fredsforskning i Finland*sv,,https://www.rauhantutkimus.fi,,rauhantutkimus.fi,1971,,,,,,,Q121598199,Q121598199,Helsinki,Finland,658225
,https://ror.org/017cvaq73,Finnish Bryological Society*en,active,other,,Finnish Bryological Society*en; Suomen Sammalseura*fi; Finlands Bryologiska Sällskap*sv; Societas Bryologica Fennica*la,,https://suomensammalseura.weebly.com,,,1987,,,,,,,Q121598167,Q121598167,Helsinki,Finland,658225
,https://ror.org/05qb4e256,Finnish Society for Science Fiction and Fantasy Research*en,active,other,,Finnish Society for Science Fiction and Fantasy Research*en; Suomen science fiction- ja fantasiatutkimuksen seura ry*fi,,https://finfar.org/,,finfar.org,2013,,,,,,,,,Tampere,Finland,634963
,https://ror.org/03c8mxf83,Semiotic Society of Finland*en,active,other,,Semiotic Society of Finland*en; Suomen Semiotiikan Seura*fi; Semiotiska Sällskapet i Finland rf*sv,,https://suomensemiotiikanseura.wordpress.com,,,1979,,,,,,,Q121598311,Q121598311,Helsinki,Finland,658225
,https://ror.org/01beam711,Finnish Mycological Society*en,active,other,,Finnish Mycological Society*en; Suomen Sieniseura*fi; Finlands Svampvänner*sv; Societas Mycologica Fennica*la,,https://www.funga.fi,,funga.fi,1948,,,,,0000 0001 0946 0220,0000 0001 0946 0220,Q100382718,Q100382718,Helsinki,Finland,658225
,https://ror.org/01h81ha55,Society of Finnish Slavists*en,active,other,,Society of Finnish Slavists*en; Suomen Slavistipiiri*fi; Finlands Slavistkrets*sv; Assotsiatsija slavistov Finljandii*et,,http://www.slavistipiiri.blogspot.com,,,1964,,,,,,,Q121598322,Q121598322,Helsinki,Finland,658225
,https://ror.org/05frz7c80,Suomen sosiaalipedagoginen seura*fi,active,other,,Suomen sosiaalipedagoginen seura*fi,,https://www.sosiaalipedagogiikka.fi,,sosiaalipedagogiikka.fi,1997,,,,,,,Q121598328,Q121598328,Pori,Finland,640999
,https://ror.org/010ge4q90,Association for Military History in Finland*en,active,other,,Association for Military History in Finland*en; Suomen Sotahistoriallinen Seura*fi; Krigshistoriska Samfundet i Finland*sv; Krigshistoriska samfundet i Finland*sv,,https://www.sshs.fi,,sshs.fi,1944,,,,,,,Q55116552,Q55116552,Helsinki,Finland,658225
,https://ror.org/00b52n740,Finnish Comission of Military History*en,active,other,,Finnish Comission of Military History*en; Suomen Sotahistorian Komissio*fi; Militärhistoriska Komissionen i Finland*sv; Commission Finlandaise d' Histoire Militaire*fr,,https://www.sotahistoriankomissio.fi,,sotahistoriankomissio.fi,1954,,,,,,,Q121598175,Q121598175,Helsinki,Finland,658225
,https://ror.org/051y5cb26,Finnish Society of Military Sciences*en,active,other,,Finnish Society of Military Sciences*en; Suomen Sotatieteellinen Seura ry*fi; Finlands Krigsvetenskapliga Samfund*sv,,https://www.sotatieteet.fi,,sotatieteet.fi,1927,,,,,,,,,Helsinki,Finland,658225
,https://ror.org/00xqcey59,Finnish Association of Applied Linguistics*en,active,other,,Finnish Association of Applied Linguistics*en; Suomen soveltavan kielitieteen yhdistys AFinLA*fi; Finländska föreningen för tillämpad språkvetenskap*sv; Association Finlandaise de Linguistique Appliquée*fr,AFinLA*fi,https://www.afinla.fi,,afinla.fi,1970,,,,,,,Q121598154,Q121598154,Jyväskylä,Finland,655194
,https://ror.org/01vye5q70,Genealogical Society of Finland*en,active,other,,Genealogical Society of Finland*en; Suomen Sukututkimusseura*fi; Genealogiska Samfundet i Finland*sv,,https://www.genealogia.fi,,genealogia.fi,1917,,,,,0000 0000 9803 7450,0000 0000 9803 7450,Q10503775,Q10503775,Helsinki,Finland,658225
,https://ror.org/03w4prx81,The Finnish Society for Research in Art Education*en,active,other,Finnish Society for Research in Art Education*en,The Finnish Society for Research in Art Education*en; Suomen taidekasvatuksen tutkimusseura*fi; Finländska sällskapet för forskning i konstfostran*sv,,https://hollo-instituutti.fi/suomen-taidekasvatuksen-tutkimusseura/,,,1983,,,,,,,Q121598242,Q121598242,Jyväskylä,Finland,655194
,https://ror.org/00c1d7941,Economic History Society in Finland*en,active,other,,Economic History Society in Finland*en; Suomen taloushistoriallinen yhdistys*fi; Ekonomisk-historiska föreningen i Finland*sv,,https://taloushistoriallinenyhdistys.fi,,taloushistoriallinenyhdistys.fi,1952,,,,,,,,,Helsinki,Finland,658225
,https://ror.org/02fvcqy63,Finnish Artificial Intelligence Society (FAIS)*en,active,other,Finnish Artificial Intelligence Society*en; Suomen Tekoälyseura*fi,Finnish Artificial Intelligence Society (FAIS)*en; Suomen Tekoälyseura (STeS)*fi,STeS*fi,https://www.stes.fi,,stes.fi,1986,,,,,,,Q121598138,Q121598138,Helsinki,Finland,658225
,https://ror.org/00ejy4812,Finnish Society of Telemedicine and eHealth*en,active,other,Suomen Telelääketieteen ja e-Health seura*fi,Finnish Society of Telemedicine and eHealth*en; Suomen Telelääketieteen ja e-Health seura (STeHS)*fi,STeHS*fi,https://www.telemedicine.fi,,telemedicine.fi,1995,,,,,,,Q121598273,Q121598273,Helsinki,Finland,658225
,https://ror.org/04c1ygb30,Finnish Association for Industrial Property Rights*en,active,other,,Finnish Association for Industrial Property Rights*en; Suomen Teollisoikeudellinen Yhdistys*fi; Finska Föreningen för industriellt rättsskydd*sv,,https://www.sty.net,,sty.net,1931,,,,,,,Q121598146,Q121598146,Helsinki,Finland,658225
,https://ror.org/04t0et613,Finnish Association of Science Editors and Journalists (FASEJ)*en,active,other,Finnish Association of Science Editors and Journalists*en,Finnish Association of Science Editors and Journalists (FASEJ)*en; Suomen tiedetoimittajain liitto*fi; Finlands vetenskapsredaktörers förbund*sv,FASEJ*fi,https://www.tiedetoimittajat.fi,,tiedetoimittajat.fi,1985,,,,,,,,,Helsinki,Finland,658225
,https://ror.org/030tqw635,Finnish Research Library Association*en,active,other,,Finnish Research Library Association*en; Suomen tieteellinen kirjastoseura*fi; Finlands vetenskapliga bibliotekssamfund*sv,,https://www.stks.fi,,stks.fi,1929,,,,,,,,,Helsinki,Finland,658225
,https://ror.org/00hjsa992,Finnish Society for Science and Technology Studies*en,active,other,,Finnish Society for Science and Technology Studies*en; Suomen tieteen- ja teknologiantutkimuksen seura*fi; Föreningen för vetenskaps- och teknikstudier i Finland*sv,,https://www.fssts.fi,,fssts.fi,1985,,,,,,,Q121598244,Q121598244,Helsinki,Finland,658225
,https://ror.org/019v4c279,Finnish Statistical Society*en,active,other,,Finnish Statistical Society*en; Suomen Tilastoseura*fi; Statistiska Samfundet i Finland*sv,,https://www.tilastoseura.fi,,tilastoseura.fi,1920,,,,,,,,,Helsinki,Finland,658225
,https://ror.org/043ghe326,Finnish Society of Toxicology*en,active,other,Suomen Toksikologiyhdistys*fi,Finnish Society of Toxicology*en; Suomen Toksikologiyhdistys (STY)*fi,STY*fi,https://www.toksikologit.fi,,toksikologit.fi,1979,,,,,,,Q121598274,Q121598274,Helsinki,Finland,658225
,https://ror.org/04b8pg882,Finnish Society for Tribology*en,active,other,,Finnish Society for Tribology*en; Suomen Tribologiayhdistys*fi; Finlands Tribologiförening*sv,,https://www.tribologysociety.fi,,tribologysociety.fi,1977,,,,,,,,,Helsinki,Finland,658225
,https://ror.org/01e75bd71,Finnish Association of Occupational Physicians*en,active,other,,Finnish Association of Occupational Physicians*en; Suomen Työterveyslääkäriyhdistys*fi; Finlands Företagsläkarförening*sv,,https://www.stly.fi,,stly.fi,1946,,,,,,,Q121598163,Q121598163,Helsinki,Finland,658225
,https://ror.org/02qca0955,Finnish Astronomical Society*en,active,other,,Finnish Astronomical Society*en; Suomen Tähtitieteilijäseura*fi,,https://www.ttseura.fi,,ttseura.fi,1969,,,,,,,Q121598165,Q121598165,Helsinki,Finland,658225
,https://ror.org/04v43tz75,Finnish Sleep Research Society*en,active,other,,Finnish Sleep Research Society*en; Suomen Unitutkimusseura ry*fi; Finska Sömnforskningssällksapet rf*sv,,https://www.sus.fi,,sus.fi,1988,,,,,,,Q121598212,Q121598212,Helsinki,Finland,658225
,https://ror.org/00p3wgq28,Finnish Society for Sport History*en,active,other,,Finnish Society for Sport History*en; Suomen urheiluhistoriallinen seura ry*fi; Finlands idrottshistoriska förening*sv,,https://www.suhs.fi,,suhs.fi,1992,,,,,,,Q121598246,Q121598246,Helsinki,Finland,658225
,https://ror.org/01w4t0r91,Finnish Society for the Study of Religion*en,active,other,,Finnish Society for the Study of Religion*en; Suomen Uskontotieteellinen Seura*fi; Religionsvetenskapliga Sällskapet i Finland*sv,,https://uskontotiede.fi,,uskontotiede.fi,1963,,,,,,,,,Turku,Finland,633679
,https://ror.org/04n178a97,Suomen valtiosääntöoikeudellinen seura*fi,active,other,,Suomen valtiosääntöoikeudellinen seura*fi; Statsförfattningsrättsliga sällskapet i Finland*sv,,https://perustuslakiblogi.wordpress.com/seura-2/,,,1982,,,,,,,,,Helsinki,Finland,658225
,https://ror.org/04tq61m59,The Finnish Society of Disability Studies*en,active,other,Finnish Society of Disability Studies*en,The Finnish Society of Disability Studies*en; Suomen Vammaistutkimuksen Seura*fi; Sällskapet för handikappsforskning i Finland*sv,,https://www.vammaistutkimus.fi,,vammaistutkimus.fi,2006,,,,,,,Q121598264,Q121598264,Helsinki,Finland,658225
,https://ror.org/02958f780,Early Childhood Education Association Finland*en,active,other,,Early Childhood Education Association Finland*en; Suomen Varhaiskasvatus ry*en,,https://www.eceaf.org/,,eceaf.org,2003,,,,,,,Q121598134,Q121598134,Oulu,Finland,643492
,https://ror.org/00rrg2797,Finnish Hypertension Society*en,active,other,,Finnish Hypertension Society*en; Suomen Verenpaineyhdistys*fi; Finlands Hypertensionsförening*sv,,https://www.suomenverenpaineyhdistys.fi,,suomenverenpaineyhdistys.fi,1989,,,,,,,Q121598185,Q121598185,Helsinki,Finland,658225
,https://ror.org/02xnf3r66,Water Association Finland*en,active,other,,Water Association Finland*en; Suomen Vesiyhdistys ry*fi; Vattenföreningen*sv,,https://www.vesiyhdistys.fi,,vesiyhdistys.fi,1969,,,,,,,Q121598331,Q121598331,Helsinki,Finland,658225
,https://ror.org/00fnv1k24,Finnish Demographic Society*en,active,other,,Finnish Demographic Society*en; Suomen Väestötieteen Yhdistys ry*fi; Demografiska Föreningen i Finland*sv,,https://blogs.helsinki.fi/svy-ry/,,,1973,,,,,,,,,Helsinki,Finland,658225
,https://ror.org/05mbthf02,Finnish Colour Association*en,active,other,Suomen väriyhdistys ry*fi,Finnish Colour Association*en; Suomen väriyhdistys ry (SVY)*fi,SVY*fi,https://www.svy.fi,,svy.fi,2002,,,,,,,Q121598171,Q121598171,Helsinki,Finland,658225
,https://ror.org/02e9b4021,Finnish American Studies Association (FASA)*en,active,other,Finnish American Studies Association*en,Finnish American Studies Association (FASA)*en; Suomen Yhdysvaltain tutkimuksen seura ry*fi,FASA*fi,https://www.fasa.fi,,fasa.fi,1995,,,,,,,Q121598137,Q121598137,Turku,Finland,633679
,https://ror.org/046efbj43,Finnish Society for Environmental Law (FSEL)*en,active,other,Finnish Society for Environmental Law*en; Suomen Ympäristöoikeustieteen Seura*fi,Finnish Society for Environmental Law (FSEL)*en; Suomen Ympäristöoikeustieteen Seura (SYS)*fi; Miljörättsliga Sällskapet i Finland*sv; Finnische Gesellschaft für Umweltrecht*de; Société Finlandaise pour le Droit de l'Environnement*fr; Finna Asocio de Media Juro*es,SYS*fi,https://www.sysry.fi,,sysry.fi,1980,,,,,,,Q121598225,Q121598225,Helsinki,Finland,658225
,https://ror.org/01hb6nd81,Finnish Peatland Society*en,active,other,,Finnish Peatland Society*en; Suoseura ry*fi; Torvmarksföreningen i Finland*sv; Societas Paludologica Fennica*la,,https://www.suoseura.fi,,suoseura.fi,1949,,,,,,,Q121598200,Q121598200,Helsinki,Finland,658225
,https://ror.org/0447ejr46,Swedish Society of School History in Finland*en,active,other,,Swedish Society of School History in Finland*en; Svenska skolhistoriska föreningen i Finland*sv,,https://www.skolhistoria.fi,,skolhistoria.fi,1949,,,,,,,Q121598329,Q121598329,Helsinki,Finland,658225
,https://ror.org/02jhq9s16,Swedish Academy of Engineering Sciences in Finland*en,active,other,,Swedish Academy of Engineering Sciences in Finland*en; Svenska tekniska vetenskapsakademien i Finland*sv,,https://www.stvif.fi,,stvif.fi,1921,,,,,0000 0001 2158 9625,0000 0001 2158 9625,Q10685623,Q10685623,Helsinki,Finland,658225
,https://ror.org/01feg7624,Foundation Institutum Romanum Finlandiae*en,active,other,,Foundation Institutum Romanum Finlandiae*en; Säätiö Institutum Romanum Finlandiae*fi; Stiftelsen Institutum Romanum Finlandiae*sv; Fondazione Institutum Romanum Finlandiae*it,,https://www.irfrome.org,,irfrome.org,1938,,,,,,,,,Helsinki,Finland,658225
,https://ror.org/036xbx209,Society for Art History in Finland*en,active,other,,Society for Art History in Finland*en; Taidehistorian seura*fi; Föreningen för konsthistoria*sv,,http://www.taidehistorianseura.fi,,taidehistorianseura.fi,1973,,,,,,,,,Helsinki,Finland,658225
,https://ror.org/058p7rr87,Finnish Association of Co-operative Studies*en,active,other,Finnish Association of Co-operative Studies*en; Kooperatiivi ry*fi; Finnish Association of Co-operative Studies (Kooperatiivi)*en,Finnish Association of Co-operative Studies*en; Taloudellisen yhteistyön ja osuustoiminnan tutkimuksen seura Kooperatiivi*fi; Sällskapet för ekonomiskt samarbete och kooperativ forskning Kooperatiivi*sv,,https://pellervo.fi/kooperatiivi/,,,1984,,,,,,,Q121598155,Q121598155,Helsinki,Finland,658225
,https://ror.org/00d57sb59,Finnish Economic Association*en,active,other,,Finnish Economic Association*en; Taloustieteellinen Yhdistys*fi; Nationalekonomiska Föreningen*sv,,https://www.taloustieteellinenyhdistys.fi,,taloustieteellinenyhdistys.fi,1884,,,,,0000 0000 8925 4103,0000 0000 8925 4103,Q25451673,Q25451673,Helsinki,Finland,658225
,https://ror.org/00qxbas82,Historical Society of Tampere*en,active,other,,Historical Society of Tampere*en; Tampereen Historiallinen Seura*fi; Historische Gesellschaft Tampere*de,,https://www.protsv.fi/ths/,,,1925,,,,,,,Q121598288,Q121598288,Tampere,Finland,634963
,https://ror.org/01j57dr21,Finnish Society for Theatre Research*en,active,other,,Finnish Society for Theatre Research*en; Teatterintutkimuksen seura - TeaTS*fi; Föreningen för teaterforskning i Finland*sv,TeaTS*fi,https://www.teats.fi,,teats.fi,2002,,,,,,,Q121598252,Q121598252,Helsinki,Finland,658225
,https://ror.org/0514h0p28,Academic Engineers and Architects in Finland TEK*en,active,other,,Academic Engineers and Architects in Finland TEK*en; Tekniikan akateemiset TEK*en; Teknikens Akademikerförbund*sv,TEK*fi,https://www.tek.fi,,tek.fi,1896,,,,,,,,,Helsinki,Finland,658225
,https://ror.org/00cszmj56,Finnish Society for the History of Technology*en,active,other,,Finnish Society for the History of Technology*en; Tekniikan Historian Seura THS ry*fi; Teknikhistoriska Samfundet THS*sv,THS*fi,https://www.ths.fi,,ths.fi,1926,,,,,,,Q121598250,Q121598250,Helsinki,Finland,658225
,https://ror.org/04thk1w30,Finnish Academy of Technology*en,active,other,,Finnish Academy of Technology*en; Teknillisten Tieteiden Akatemia*fi; Akademin för Tekniska Vetenskaper*sv; Finnische Akademie der Technischen Wissenschaften*de; Academie Finlandaise des Sciences Techniques*fr,,https://www.ttatv.fi,,ttatv.fi,1957,,,,,0000 0001 2187 0417,0000 0001 2187 0417,Q11896824,Q11896824,Helsinki,Finland,658225
,https://ror.org/0218kr574,"Engineering Society in Finland, TFiF*en",active,other,,"Engineering Society in Finland, TFiF*en; Tekniska Föreningen i Finland*fi; Verein Finnischer Diplom-Ingenieure TFiF*de; Sociéte des Ingeniéurs Civils Finlandais TFiF*fr",TFiF*fi,https://www.tfif.fi,,tfif.fi,1880,,,,,,,,,Helsinki,Finland,658225
,https://ror.org/0109nwa96,Finnish Society for Health Economics*en,active,other,,Finnish Society for Health Economics*en; Terveystaloustieteen Seura*fi; Hälsoekonomiska Samfundet*sv,,https://www.ttts.fi,,ttts.fi,1992,,,,,,,Q121598232,Q121598232,Helsinki,Finland,658225
,https://ror.org/0526w4346,Society of Scientific Hypnosis in Finland*en,active,other,,Society of Scientific Hypnosis in Finland*en; Tieteellinen hypnoosi*fi; Vetenskaplig hypnos*sv,,https://tieteellinenhypnoosi.fi,,tieteellinenhypnoosi.fi,1959,,,,,,,Q121598324,Q121598324,Helsinki,Finland,658225
,https://ror.org/02jtfca03,Finnish Society for Scientific Information*en,active,other,,Finnish Society for Scientific Information*en; Tieteen tiedotus*en; Forskningsinformation*sv,,https://www.tieteentiedotus.fi,,tieteentiedotus.fi,1980,,,,,,,Q121598245,Q121598245,Helsinki,Finland,658225
,https://ror.org/05vp6rn13,Finnish Society for Computer Science*en,active,other,,Finnish Society for Computer Science*en; Tietojenkäsittelytieteen Seura*fi; Finska sällskapet för datalogi*sv; Finnische Gesellschaft für Informatik*de; Société Finlandaise d'Informatique*fr,,https://www.tkts.fi,,tkts.fi,1982,,,,,,,,,Helsinki,Finland,658225
,https://ror.org/03b30ft17,Finnish Society for Futures Studies*en,active,other,,Finnish Society for Futures Studies*en; Tulevaisuuden tutkimuksen seura*fi; Sällskapet för framtidsstudier*sv,,https://www.tutuseura.fi,,tutuseura.fi,1980,,,,,,,,,Helsinki,Finland,658225
,https://ror.org/046ctqk05,Turku Historical Society*en,active,other,,Turku Historical Society*en; Turun Historiallinen Yhdistys*fi; Historiska föreningen i Åbo*sv; Historischen Vereinigung zu Turku*de; Association historique de Turku*fr; Turu ajalooline ühing*et,,http://www.thy.fi,,thy.fi,1923,,,,,0000 0001 2153 590X,0000 0001 2153 590X,Q28721376,Q28721376,Turku,Finland,633679
,https://ror.org/02frv6648,Society of Social and Economic Research in the Universities of Turku*en,active,other,,Society of Social and Economic Research in the Universities of Turku*en; Turun korkeakoulujen yhteiskunnallis-taloudellinen tutkimusyhdistys*fi; Åbohögskolornas förening för social och ekonomisk forskning*sv,,https://blogit.utu.fi/tkyt/yhdistys/,,,1957,,,,,,,,,Turku,Finland,633679
,https://ror.org/05xa3qt90,Finnish Association of Researchers*en,active,other,,Finnish Association of Researchers*en; Tutkijaliitto ry*fi; Forskarförbundet i Finland ry*sv,,https://www.tutkijaliitto.fi,,tutkijaliitto.fi,1976,,,,,,,,,Helsinki,Finland,658225
,https://ror.org/019h9qa74,Finnish Association of Working Life Research (FAWORE)*en,active,other,Finnish Association of Working Life Research*en,Finnish Association of Working Life Research (FAWORE)*en; Työelämän tutkimusyhdistys*fi; Föreningen för arbetspolitisk forskning*sv,FAWORE*fi,https://www.tyoelamantutkimus.fi/yhdistys/,,,1991,,,,,,,,,Helsinki,Finland,658225
,https://ror.org/04m8aby47,Finnish Society for Labour and Social Security Law*en,active,other,,Finnish Society for Labour and Social Security Law*en; Työoikeudellinen Yhdistys ry*fi,,https://www.tyooikeudellinenyhdistys.fi/,,tyooikeudellinenyhdistys.fi,1958,,,,,,,Q121598235,Q121598235,Helsinki,Finland,658225
,https://ror.org/04d823j42,Finnish Society for Labour History*en,active,other,,Finnish Society for Labour History*en; Työväen historian ja perinteen tutkimuksen seura*fi; Sällskapet för forskning för arbetarrörelsens historia och arbetarkultur i Finland*sv; Forschungsgesellschaft für Arbeitergeschichte und Arbeitertradition*de,,https://www.thpts.fi,,thpts.fi,1984,,,,,,,Q121598236,Q121598236,Tampere,Finland,634963
,https://ror.org/05wb8n204,"Society for the Study of Religion, Worldview and Education*en",active,other,,"Society for the Study of Religion, Worldview and Education*en; Uskonnon, katsomuksen ja kasvatuksen tutkimusseura ry*fi",,https://www.ukkt.fi,,ukkt.fi,,,,,,,,,,Helsinki,Finland,658225
,https://ror.org/03m8xtr03,Modern Language Society of Helsinki*en,active,other,,Modern Language Society of Helsinki*en; Uusfilologinen yhdistys*fi; Nyfilologiska föreningen*sv; Neuphilologischer Verein in Helsinki*de; Société Néophilologique de Helsinki*fr,,https://www.ufy.fi,,ufy.fi,1887,,,,,,,Q121598297,Q121598297,Helsinki,Finland,658225
,https://ror.org/04ycq3x09,Finnish Political Science Association (FPSA)*en,active,other,Finnish Political Science Association*en,Finnish Political Science Association (FPSA)*en; Valtiotieteellinen yhdistys*fi; Statsvetenskapliga föreningen*sv,FPSA*fi,https://www.vty.fi,,vty.fi,1935,,,,,,,Q121598206,Q121598206,Helsinki,Finland,658225
,https://ror.org/010tg8670,Finnish Association for Russian and East European Studies*en,active,other,,Finnish Association for Russian and East European Studies*en; Venäjän ja Itä-Euroopan tutkimuksen seura*fi; Sällskapet för Rysslands- och Östeuropaforskning*sv; Association Finlandaise d' Etudes Russes et l' Europe de l'Est*fr; Finnische Gesellschaft für Russland- und Osteuropaforschung*de; Finljandskoe obšcestvo po izuceniju Rossii i Vostocnoj Evropy*hr,,https://www.vietseura.wordpress.com,,,1989,,,,,,,Q121598152,Q121598152,Helsinki,Finland,658225
,https://ror.org/023t8cy86,Finnish Literature Society of Vyborg*en,active,other,,Finnish Literature Society of Vyborg*en; Viipurin Suomalainen Kirjallisuusseura*fi; Finska Litteratursällskapet i Viborg*sv,,https://www.vsks.net,,vsks.net,1845,,,,,0000 0000 8903 651X,0000 0000 8903 651X,Q18662861,Q18662861,Helsinki,Finland,658225
,https://ror.org/041p6g433,Curly Birch Society*en,active,other,,Curly Birch Society*en; Visaseura*fi,,https://www.visaseura.fi,,visaseura.fi,1956,,,,,,,Q121598330,Q121598330,Heinola,Finland,658288
,https://ror.org/03eq4xf54,The Westermarck Society*en,active,other,Westermarck Society*en,The Westermarck Society*en,,https://www.westermarck.fi,,westermarck.fi,1940,,,,,0000 0001 2348 4106,0000 0001 2348 4106,Q10719750,Q10719750,Helsinki,Finland,658225
,https://ror.org/02xtv7020,Finnish Society of Urban Planning*en,active,other,,Finnish Society of Urban Planning*en; Yhdyskuntasuunnittelun seura*fi; Föreningen för samhällsplanering*sv,,https://www.yss.fi,,yss.fi,1959,,,,,,,,,Helsinki,Finland,658225
,https://ror.org/05nsqd782,Finnish Society for Human−Animal Studies*en,active,other,,Finnish Society for Human−Animal Studies*en; Yhteiskunnallisen ja kulttuurisen eläintutkimuksen seura*fi,,https://elaintutkimus.edublogs.org,,elaintutkimus.edublogs.org,2009,,,,,,,Q121598233,Q121598233,Joensuu,Finland,655808
,https://ror.org/023pf1n13,Finnish Society for Environmental Social Science*en,active,other,,Finnish Society for Environmental Social Science*en; Yhteiskuntatieteellisen ympäristötutkimuksen seura ry*fi; Sällskapet för samhällsvetenskaplig miljöforskning i Finland*sv,,https://www.yhys.net,,yhys.net,1994,,,,,,,Q121598229,Q121598229,Tampere,Finland,634963
,https://ror.org/036nxd919,Finnish Society for Environmental Sciences*en,active,other,,Finnish Society for Environmental Sciences*en; Ympäristötieteellinen Seura*fi; Miljövetenskapliga Sällskapet*sv,,https://www.fses.fi,,fses.fi,1987,,,,,,,Q121598227,Q121598227,Helsinki,Finland,658225
,https://ror.org/00ewx5836,Finnish Association for Impact Assessment*en,active,other,Yva ry*fi; Mkb*sv,Finnish Association for Impact Assessment*en; Yva ry (Ympäristövaikutusten arviointi)*fi; Mkb (Miljökonsekvensbedömning)*sv,,https://www.yvary.fi,,yvary.fi,1994,,,,,,,Q121598145,Q121598145,Helsinki,Finland,658225
